"HMA_System_Name","Year","Total_hospital_beds","Admissions","Inpatient_Days","Surgical_operations_inpatient","Emergency_room_visits","Other_outpatient_visits_non_ER","Surgical_operations_outpatient","Total_outpatient_visits","Total_Medicaid_days","Total_Medicaid_discharges","Total_Medicare_days","Total_Medicare_discharges","Physicians_and_dentists_FT","Total_personnel_FT","Total_Physicians_NE","Total_Physicians_TE","Total_Physicians_TG","Total_Physicians_TC","Total_Physicians_TP","All_Physicians","Hospitals"
"Adventist Health (CA)",2011,2420,131867,613766,27340,488475,2376385,47859,2864860,158888,28837,283505,57324,147,13445,395,108,365,433,1978,3426,19
"Adventist Health (CA)",2012,2548,132291,601586,28150,508892,2302689,49648,2811581,189104,37589,264114,54744,165,13747,272,111,404,485,2480,3917,19
"Adventist Health (CA)",2013,2655,128075,578403,30301,596081,2635725,45733,3231806,176387,38477,251222,50082,87,14297,1492,132,730,727,3662,6830,19
"Adventist Health (CA)",2014,2634,129086,570119,31235,632222,2783785,53574,3416007,180648,40363,251858,49905,104,14457,2472,132,746,280,4139,7873,19
"Adventist Health (CA)",2015,2639,136456,580983,33065,643558,3062396,63278,3705954,197235,45946,248596,53666,131,15693,1323,133,1096,931,4300,7914,19
"Adventist Health (CA)",2016,2631,138377,590784,32131,656847,2375017,65732,3031864,188299,40158,261049,58209,230,15449,970,130,579,122,2738,4769,19
"Adventist Health System (FL)",2011,7575,385283,1722138,98080,1405858,3051384,134741,4457242,251200,59003,861482,170178,489,39330,7947,532,1655,113,10684,21420,34
"Adventist Health System (FL)",2012,7770,386653,1753405,100277,1598109,3003498,134874,4601607,255388,60922,849832,169869,458,39410,8759,2842,2245,356,12082,26742,35
"Adventist Health System (FL)",2013,7824,383180,1784647,99675,1616641,3262792,140405,4879433,272791,61963,857499,165096,459,39608,8376,1061,2492,1179,13295,26862,35
"Adventist Health System (FL)",2014,8185,407337,1825555,99412,1736143,3466293,141260,5202437,307097,67561,901818,172897,513,41461,8507,1520,3431,418,13876,28265,36
"Adventist Health System (FL)",2015,8215,407696,1865996,106397,1736111,3613319,146990,5349430,314148,71836,886372,168712,567,44283,7473,1687,2928,134,13138,25927,36
"Adventist Health System (FL)",2016,8345,409388,1889860,103999,1850524,3322019,150658,5172543,287933,61758,1025122,194166,615,46320,8320,1757,3792,96,13965,28545,36
"Advocate Aurora Health",2011,5290,276825,1242458,104753,764025,3007883,206529,3771908,196652,46268,592759,113190,125,24891,4826,686,4875,148,10535,21195,25
"Advocate Aurora Health",2012,5322,282203,1241522,105401,778906,3156898,203689,3935804,217539,49230,588490,118072,66,24578,4500,928,5013,137,10936,21580,25
"Advocate Aurora Health",2013,5353,273879,1231039,68998,758414,3250145,137471,4008559,220111,48644,589413,115885,66,24468,4040,1102,5891,132,11618,22849,25
"Advocate Aurora Health",2014,5366,269532,1247888,70343,797558,3606469,140959,4404027,337046,71026,522319,102099,65,24417,4071,1202,4045,176,10011,19570,25
"Advocate Aurora Health",2015,5360,271519,1255392,71806,904490,3495187,144227,4399677,259655,59502,628391,119744,32,23999,4280,1294,6457,967,14314,27344,25
"Advocate Aurora Health",2016,5494,274656,1285225,73439,926063,3592021,148850,4518084,265868,55763,625906,119968,86,25986,4367,1465,6536,767,14535,27756,25
"Ascension",2011,19770,879138,4588898,254708,3048429,14498032,457918,17546461,886358,160523,2216067,401990,1576,84084,22083,3797,6226,409,34558,68649,106
"Ascension",2012,20357,919114,4714708,252884,3311652,15042844,465139,18354496,921160,158934,2298010,429538,1572,84949,15573,4049,3471,668,31109,56442,107
"Ascension",2013,20337,891386,4643546,224315,3346722,14989527,425159,18336249,819540,150965,2327201,419218,1617,83110,13447,2895,3372,546,30415,52292,107
"Ascension",2014,20076,868636,4572013,212556,3411434,14454919,424590,17866353,873766,168175,2220692,392497,1554,81299,14181,2981,4099,254,30968,54037,109
"Ascension",2015,20101,881176,4628030,208350,3404427,15732763,432739,19137190,887427,167145,2318064,410428,1490,81349,14441,2900,4426,216,32264,55737,109
"Ascension",2016,19692,862505,4473923,215431,3405670,15503949,432810,18909619,956388,169647,2190089,404185,1488,80196,14819,2849,4712,526,32708,57102,111
"Atlantic Health System",2011,1459,82799,420735,24245,272393,870235,35349,1142628,28822,6350,217676,36740,186,8429,2451,308,456,257,3472,7130,5
"Atlantic Health System",2012,1603,78655,394713,23056,267304,586209,34897,853513,28797,5973,201886,35006,212,8946,2591,361,287,259,3489,7199,5
"Atlantic Health System",2013,1642,80387,402837,23763,266524,679684,34250,946208,29318,6007,210680,37016,263,9033,2711,349,454,253,3767,7797,5
"Atlantic Health System",2014,1597,81074,414543,24211,269840,744956,34209,1014796,42441,8090,224004,39435,379,10131,2898,542,469,273,4182,8743,5
"Atlantic Health System",2015,1472,80416,409284,23890,286738,758027,35453,1044765,43273,8804,223747,39098,292,10366,3817,619,770,3,5209,10710,5
"Atlantic Health System",2016,1436,81557,404034,22917,296618,827007,33537,1123625,43660,8730,217068,38701,313,10566,3863,623,881,0,5367,11047,5
"Atrium Health",2011,3602,156070,881762,45859,759729,2206725,74875,2966454,238457,36086,393509,68319,374,21460,1917,987,1727,551,6086,11642,17
"Atrium Health",2012,3548,154920,872541,45620,830808,2227860,76897,3058668,240858,36286,383352,67883,404,22207,1450,741,2292,599,6123,11609,17
"Atrium Health",2013,4009,177508,934237,51954,1030533,2315989,96090,3346522,235280,37647,427199,78835,410,22844,1522,2233,3457,1021,8795,17438,19
"Atrium Health",2014,3896,183980,947319,50619,1052042,2213310,96601,3265352,235623,37105,414771,79093,450,24457,1796,3057,1947,46,9594,16890,19
"Atrium Health",2015,3738,185613,933070,52236,1107953,2165528,98574,3273481,210339,39290,432130,83089,439,26128,1460,3545,2427,96,10616,18583,19
"Atrium Health",2016,3851,186236,945640,57709,1108549,2283793,107664,3392342,209702,36095,419537,81608,101,20899,865,485,1146,67,12131,14795,19
"Avera Health",2011,2502,50763,580399,14844,121801,1172437,31423,1294238,210868,7039,145529,24192,408,7540,1593,318,312,109,2332,5072,32
"Avera Health",2012,2454,50011,567871,12118,125275,1170987,30705,1296263,220284,6984,137701,23153,472,7783,1747,382,303,248,2684,5836,32
"Avera Health",2013,2386,47136,543909,13500,128751,1238642,28731,1367393,172989,7468,145777,21774,493,7671,1179,384,316,118,2024,4514,32
"Avera Health",2014,2327,47061,540604,10922,127134,1341837,32938,1468971,193206,7295,124160,20672,391,7544,1513,437,383,202,2535,5461,32
"Avera Health",2015,2272,47357,586085,11831,131165,1379554,35518,1510719,166590,7741,168476,21766,409,8042,1765,409,438,168,2780,5969,32
"Avera Health",2016,2269,46991,585374,11583,172792,1388849,37784,1561641,181500,7453,159028,20903,246,7923,1540,449,725,141,2855,5956,32
"Banner Health",2011,5010,291764,1233164,116803,829192,3336883,90521,4166075,276273,68848,600689,129220,401,25034,646,1643,1246,13,3548,7497,26
"Banner Health",2012,4967,280871,1188628,104020,852563,3361836,88052,4214399,248435,63057,548409,116077,71,24722,1388,683,1622,346,7118,11228,26
"Banner Health",2013,5025,262803,1172223,71915,781304,3290756,115168,4072060,233174,54067,547519,114569,192,24971,5405,1945,3275,395,11021,22233,27
"Banner Health",2014,4926,250634,1137993,65043,723107,2653532,103091,3376639,283699,63632,525185,105077,36,24062,5046,2330,3522,203,11101,22238,27
"Banner Health",2015,4984,241065,1125715,55450,969891,2455724,89344,3425615,301278,65065,535951,105095,717,25246,6229,3108,4047,122,13506,27729,28
"Banner Health",2016,4909,231158,1114136,49797,647272,2889783,99590,3537055,315334,65692,525816,99781,733,26523,5821,3435,3809,428,13493,27719,28
"Baptist Health South Florida",2011,2052,97962,463971,21638,342122,698105,23152,1040226,97934,19759,209554,37773,115,10932,2496,166,1031,135,3828,7771,7
"Baptist Health South Florida",2012,1893,93416,449782,21305,354070,750876,24512,1104946,100481,20824,199103,37088,115,10033,2210,338,1193,751,4468,9075,7
"Baptist Health South Florida",2013,1963,91988,449866,21150,384576,754944,25952,1139520,104146,17980,203122,37426,96,10198,2356,320,1235,578,4483,9068,7
"Baptist Health South Florida",2014,1934,93604,460595,21457,402612,769378,26940,1171990,99886,22714,202596,36927,61,10537,3247,414,1169,112,4942,9945,7
"Baptist Health South Florida",2015,1982,96037,468190,20507,445028,752860,25762,1197888,100021,24014,219245,39491,115,10813,2873,469,1256,97,4695,9505,7
"Baptist Health South Florida",2016,1963,94575,466084,21876,436217,796338,26226,1232555,97251,20763,222763,40047,127,10517,2649,509,1398,108,4664,9455,7
"BayCare Health System",2011,3056,134685,633823,28713,231277,953474,45238,1184751,128859,25999,312257,61161,312,12262,257,11,0,53,321,954,10
"BayCare Health System",2012,3400,153158,744999,35489,566073,450356,52775,1016429,136229,27820,388111,71619,18,13162,3796,310,642,192,5298,10256,10
"BayCare Health System",2013,3419,144690,728559,33050,531852,418862,58490,950714,139354,27845,386083,60595,18,11766,3952,297,529,83,5261,10140,10
"BayCare Health System",2014,3472,149067,716153,33024,557523,842119,45885,1399642,137277,29046,385278,73708,18,11084,2629,298,398,83,4893,8319,10
"BayCare Health System",2015,3249,162268,762277,35748,623768,771840,39285,1395608,145768,30651,411308,80698,169,14307,2284,282,403,86,4403,7627,10
"BayCare Health System",2016,3274,176408,799375,38124,665767,792955,39587,1458722,149565,31426,417536,85544,0,14635,3234,525,844,87,4900,9590,10
"Baylor Scott & White Health",2011,3642,159637,811730,44535,617233,2260450,70217,2877683,115123,24882,341205,59886,584,13527,3449,820,1024,13,7362,13252,16
"Baylor Scott & White Health",2012,3559,161482,817370,43205,649104,2482832,63500,3131936,128581,26459,354140,63270,598,13442,4917,745,1401,0,6993,14654,17
"Baylor Scott & White Health",2013,3614,160248,795504,39038,664724,2300628,56207,2965352,124654,24915,339544,62817,724,14977,4797,803,1630,1,7778,15733,17
"Baylor Scott & White Health",2014,3627,164871,807212,40210,686906,2779522,68441,3466428,115411,23363,335104,60940,5,14800,3665,519,2094,7,8871,15161,18
"Baylor Scott & White Health",2015,3740,174715,873420,42126,735421,2862541,74475,3597962,113981,23308,398503,72879,81,14453,6630,1118,467,0,8215,16511,19
"Baylor Scott & White Health",2016,3728,183007,891933,44212,728837,3002283,75422,3731120,106795,21733,400319,74051,0,13820,5025,1839,1414,1,8279,16558,19
"Beaumont Health",2011,3111,168193,821485,57125,461240,2590227,75671,3051467,108861,25863,479628,86100,481,15857,4518,1746,495,0,6759,13999,8
"Beaumont Health",2012,3092,169755,817483,50831,468424,2947861,76860,3416285,109282,26297,460597,83736,543,16744,5349,1126,480,0,6955,14453,8
"Beaumont Health",2013,3118,167831,800222,50049,477653,2815919,86916,3293572,108615,25175,458542,85479,578,16901,5544,1090,512,0,7146,14870,8
"Beaumont Health",2014,3115,174675,833047,50299,492148,2832711,101797,3324859,120965,28483,491303,91127,561,17068,5631,1124,561,0,7316,15193,8
"Beaumont Health",2015,3337,177934,851893,49976,530860,3073843,77294,3604703,127520,28593,514476,94654,567,18139,5171,1307,718,0,7196,14959,8
"Beaumont Health",2016,3409,178615,854116,49184,553159,3237818,81021,3790977,128440,28625,509887,95105,415,19526,5479,849,690,57,7075,14565,8
"Beth Israel Deaconess Medical Center",2011,642,37308,189242,12068,56789,538439,13929,595228,26328,5095,80542,15504,3,6154,1126,0,962,0,2088,4179,1
"Beth Israel Deaconess Medical Center",2012,649,33194,170968,11105,55668,563668,14991,619336,26518,5069,70003,12947,3,5988,821,0,1299,0,2023,4146,1
"Beth Israel Deaconess Medical Center",2013,649,31340,174526,10551,55312,554924,15999,610236,28428,4988,74630,12499,2,6159,975,40,1144,205,2364,4730,1
"Beth Israel Deaconess Medical Center",2014,649,33634,223325,11168,55244,574163,16351,629407,33124,5630,81995,13876,2,6380,997,55,1110,194,2356,4714,1
"Beth Israel Deaconess Medical Center",2015,672,33878,188248,11232,56197,620953,15354,677150,35774,6355,90099,14803,2,6571,958,46,1164,183,2351,4704,1
"Beth Israel Deaconess Medical Center",2016,682,35917,210449,11274,57224,639494,14798,696718,39322,6676,94015,15487,2,6914,943,39,1158,176,2316,4634,1
"BJC HealthCare",2011,3615,166740,874703,48431,527523,1806273,78939,2333796,152901,28122,430907,75887,87,19809,5085,107,715,8,5915,11917,13
"BJC HealthCare",2012,3597,167400,869870,49194,557034,1998201,79857,2555235,147338,28779,408718,74799,47,19752,5129,144,994,54,6321,12689,13
"BJC HealthCare",2013,3633,159241,843543,48342,545911,2030751,77479,2576662,135087,26251,396200,71297,67,19357,4542,149,914,384,5979,12035,13
"BJC HealthCare",2014,3526,155819,838805,47618,531455,2110626,76011,2642081,132871,23823,412524,74027,118,19836,4765,161,1047,13,5986,12090,13
"BJC HealthCare",2015,3640,155725,844507,47263,545284,2363016,77595,2908300,143864,24679,413046,76294,111,21394,4379,146,1154,15,5694,11499,13
"BJC HealthCare",2016,3699,157231,885852,46768,569097,2416999,80278,2986096,167226,25478,416683,76833,112,21445,4422,171,1293,7,5893,11898,14
"Bon Secours Health System",2011,2439,113171,565679,32062,450738,840007,68743,1290745,114760,16989,260101,49107,238,9986,2537,461,509,116,3619,7480,11
"Bon Secours Health System",2012,2400,109948,559030,33704,374749,1457502,66241,1832251,99660,16385,272568,49390,417,10772,1411,528,576,247,3342,6521,11
"Bon Secours Health System",2013,2407,102658,550930,32190,408251,1429217,71397,1837468,104674,13761,261442,50275,284,10907,1598,256,769,72,2695,5674,11
"Bon Secours Health System",2014,2390,105263,540164,31713,433467,1162875,66831,1596342,121867,16379,242942,46310,350,11173,1012,99,222,244,2571,4498,11
"Bon Secours Health System",2015,2443,105029,540081,31126,406562,1322345,66428,1728907,124718,16840,249604,48597,358,11823,2046,409,760,11,3226,6810,11
"Bon Secours Health System",2016,2394,102282,530375,32294,515564,1709722,75915,2225286,100007,15150,232612,50583,421,12229,2047,474,979,1,3501,7423,11
"Carilion Clinic",2011,859,47642,229872,14716,164413,244236,26676,408649,55167,10413,110303,22374,336,6183,272,378,209,1,884,2080,6
"Carilion Clinic",2012,856,48832,230992,15200,171665,256423,30025,428088,51911,10134,115873,23183,376,6440,674,396,469,1,1450,3366,6
"Carilion Clinic",2013,793,49130,228871,14657,168097,263398,29924,431495,55929,10331,118321,23881,411,6604,309,883,124,182,1498,3407,6
"Carilion Clinic",2014,794,48933,242800,15170,168964,273750,32655,442714,55944,10178,120958,23388,433,6732,318,967,165,103,1553,3539,6
"Carilion Clinic",2015,792,49204,249954,15128,168688,281311,34599,449999,56688,10175,125142,23944,455,7076,275,971,104,137,1487,3429,6
"Carilion Clinic",2016,761,51317,256851,15915,168945,306614,37542,475559,57485,10298,125940,24566,477,7390,306,949,100,113,1468,3413,6
"Cedars-Sinai",2011,1359,79815,397008,26123,163888,811433,27286,975321,43916,7317,198236,34573,240,12439,266,505,319,1370,2460,5160,3
"Cedars-Sinai",2012,1332,77945,372675,24618,159878,829807,27042,989685,35064,6908,191670,35017,248,12319,1420,336,273,0,2029,4306,3
"Cedars-Sinai",2013,1298,75889,360374,24306,159430,905428,27609,1064858,34176,6570,183963,33669,218,12993,1296,366,273,0,1935,4088,3
"Cedars-Sinai",2014,1300,72187,343801,22377,166384,968760,28165,1135144,32546,6279,165491,31746,206,13344,1381,336,408,0,2125,4456,3
"Cedars-Sinai",2015,1445,75472,390953,24645,179929,1024134,26113,1204063,49459,8217,198567,34321,221,14253,2113,363,422,0,2898,6017,3
"Cedars-Sinai",2016,1442,80201,409893,23167,192202,1130798,29007,1323000,52724,9131,206238,36179,231,15087,2222,379,437,0,3038,6307,3
"Christiana Care Health System",2011,988,52884,274527,14992,166945,291346,25298,458291,56396,11489,135990,23226,191,7461,626,257,203,20,1106,2403,1
"Christiana Care Health System",2012,985,53684,269358,14700,172510,358050,25984,530560,55091,11798,131689,23891,220,7620,601,309,160,38,1108,2436,1
"Christiana Care Health System",2013,1011,53621,274601,13945,173857,367314,24508,541171,57229,11566,141122,25854,252,7801,562,339,205,40,1146,2544,1
"Christiana Care Health System",2014,1007,52779,278694,15090,181237,401020,23713,582257,58528,10794,139613,25131,278,8076,637,340,152,33,1162,2602,1
"Christiana Care Health System",2015,1049,53072,280115,14687,187317,400658,24025,587975,63550,11224,144001,26323,272,8274,572,320,142,36,1070,2412,1
"Christiana Care Health System",2016,1065,52928,289965,14814,196656,405683,24341,602339,67050,11510,142402,26191,290,8542,546,370,145,24,1085,2460,1
"Cleveland Clinic",2011,3846,180051,960790,62263,536645,5854584,126810,6391229,115089,22068,509284,86660,2294,36083,1662,1934,2870,865,7331,16956,14
"Cleveland Clinic",2012,4029,181144,965486,60663,581358,6300300,141529,6881658,123234,22957,516113,88350,2311,37589,1509,5058,2885,3212,7480,22455,14
"Cleveland Clinic",2013,3948,178449,937899,61986,596182,6726263,151813,7322445,117687,22780,496113,86933,2510,38488,1384,5402,3072,3384,7805,23557,14
"Cleveland Clinic",2014,3949,174323,930715,60247,621705,6975432,144835,7597137,146515,28925,480495,84116,2450,36986,1641,3790,395,3268,9094,20638,14
"Cleveland Clinic",2015,4004,176938,955705,61020,655712,7006151,143423,7661863,160305,32153,505800,85507,2529,38024,1076,7331,516,997,9920,22369,14
"Cleveland Clinic",2016,4946,183760,978068,60216,692894,7524672,146568,8217566,169710,32659,514705,88097,2644,42444,2002,8282,607,59,10950,24544,15
"Cone Health",2011,1262,61329,315869,15811,241824,528907,24486,770731,59534,10122,157478,29868,277,7281,595,313,503,26,1437,3151,2
"Cone Health",2012,1236,57956,309275,15998,254302,631570,26772,885872,43844,9580,146196,21947,302,7505,86,30,331,2,1539,2290,2
"Cone Health",2013,1222,58682,304639,16700,266870,638551,25141,905421,40780,11356,136234,24854,319,7697,232,38,162,0,1604,2355,2
"Cone Health",2014,1225,54134,282596,15481,277325,644326,24655,921651,45310,10940,122611,25388,368,7015,198,18,193,1,1552,2330,2
"Cone Health",2015,1172,61826,291138,15563,290507,694115,25614,984622,45076,11039,127063,27220,359,8235,711,521,422,0,1654,3667,2
"Cone Health",2016,1153,62364,284610,15807,304675,733737,26015,1038412,44427,10926,123500,27164,426,8494,692,557,493,0,1742,3910,2
"CoxHealth",2011,824,40865,191181,10172,184798,1540837,24564,1725635,36998,7215,98489,18950,209,6898,288,159,378,30,855,1919,4
"CoxHealth",2012,823,39808,190616,9683,186072,1502140,25768,1688212,32266,7158,101090,18622,210,7015,283,172,384,39,878,1966,4
"CoxHealth",2013,833,39960,191356,9035,185781,1528816,26094,1714597,32677,7181,99889,18663,231,6877,254,166,368,55,843,1917,4
"CoxHealth",2014,829,40601,190274,9260,178531,1348292,23113,1526823,32001,7107,99157,18786,229,6932,245,160,412,42,859,1947,4
"CoxHealth",2015,784,41247,195515,9139,189255,1539714,25703,1728969,37169,7936,103802,19423,216,7366,93,174,253,66,586,1388,4
"CoxHealth",2016,790,41584,197539,9084,215661,1714004,26230,1929665,38835,8272,100106,18549,365,7969,126,164,278,39,607,1579,4
"Dartmouth-Hitchcock Medical Center",2011,381,19708,113325,8590,31295,763337,11185,794632,53252,3307,53252,8844,411,5326,0,515,0,0,515,1441,1
"Dartmouth-Hitchcock Medical Center",2012,388,19732,112595,8376,30455,809749,10961,840204,18536,3369,55564,9461,412,5213,0,518,0,0,518,1448,1
"Dartmouth-Hitchcock Medical Center",2013,388,19685,110955,8312,30409,826291,11054,856700,17659,3221,54087,9190,408,5350,0,512,0,0,512,1432,1
"Dartmouth-Hitchcock Medical Center",2014,417,19234,110977,8473,31268,831372,11228,862640,18552,3204,54675,9000,397,5611,0,510,0,48,558,1513,1
"Dartmouth-Hitchcock Medical Center",2015,417,19479,116887,8553,31477,846884,11001,878361,22814,3592,57879,9009,415,5701,0,563,0,49,612,1639,1
"Dartmouth-Hitchcock Medical Center",2016,409,18895,116699,9447,30850,767110,12850,797960,21484,3646,55869,8967,435,6020,0,590,0,46,636,1707,1
"Dignity Health",2011,7811,403507,1898823,105616,1295680,3319124,139844,4614804,542083,104621,788872,157679,583,36233,4864,272,1760,1574,9254,18307,35
"Dignity Health",2012,7629,384474,1803695,100125,1395532,3188595,133281,4584127,482805,94063,760734,150027,523,35783,6633,273,2496,1403,12116,23444,35
"Dignity Health",2013,7491,373417,1743555,95902,1415120,3383764,129657,4798884,506772,94369,726080,149191,413,32746,7999,238,2601,2193,13763,27207,35
"Dignity Health",2014,7807,362398,1724094,100460,1592770,3211011,124617,4803781,568734,107790,703283,140684,362,34439,7198,357,4083,2885,15717,30602,35
"Dignity Health",2015,7780,378819,1800070,95464,1666317,3327190,138524,4993507,607996,121896,750240,150546,634,36398,7634,395,2576,2178,14503,27920,35
"Dignity Health",2016,7895,384322,1854919,93288,1677278,3555288,141425,5232566,604715,116475,806495,152470,523,35931,6868,410,4206,1569,13053,26629,35
"Duke University Health System",2011,1163,60852,353981,24922,169493,1261752,42884,1431245,71236,10443,155613,26413,71,12358,1813,59,103,0,2659,4705,3
"Duke University Health System",2012,1161,60184,348456,24755,172057,1334103,44932,1506160,69093,9968,156108,27002,78,12751,1748,59,291,0,2785,4961,3
"Duke University Health System",2013,1172,59893,354631,23672,170696,1083077,41493,1253773,72414,10319,160581,26988,85,13123,1756,80,357,0,2832,5110,3
"Duke University Health System",2014,1277,62718,371650,23487,170101,1110413,41297,1280514,74006,10411,166917,27693,86,13497,1940,68,276,1,2946,5317,3
"Duke University Health System",2015,1261,64590,384584,24191,179539,1171245,43728,1350784,74665,10519,172016,28266,93,13437,1733,82,513,1,3008,5430,3
"Duke University Health System",2016,1286,66779,401066,26217,188058,1211763,43390,1399821,78187,10919,174517,29202,92,13759,2074,100,495,3,3346,6110,3
"Elliot Health System",2011,279,12405,59374,3067,57351,437205,4810,494556,7409,1630,27042,4597,147,1908,0,0,0,0,520,667,1
"Elliot Health System",2012,279,12791,61504,3134,54236,462159,5278,516395,9382,1884,27796,4475,168,1974,0,0,0,0,529,697,1
"Elliot Health System",2013,279,12766,61620,2870,106976,415354,5435,522330,12601,2292,30177,5855,48,2001,0,0,0,0,0,48,1
"Elliot Health System",2014,266,12458,59870,3166,54235,454598,5261,508833,4621,987,26998,4772,165,2158,0,0,0,0,557,722,1
"Elliot Health System",2015,266,12794,64417,3024,56488,464760,5190,521248,2963,2374,28669,5311,172,2173,0,0,0,0,541,713,1
"Elliot Health System",2016,266,12831,63885,2882,58249,447811,5411,506060,16628,2474,27352,5040,159,2133,0,0,0,0,544,703,1
"Emory Healthcare",2011,1970,92063,499446,29183,256599,563745,30809,820344,75460,11542,236082,38758,3,9488,1072,2324,193,373,4888,8853,7
"Emory Healthcare",2012,1913,90900,493191,28233,274337,568234,32068,842571,77804,10657,227018,38336,3,9059,923,2452,291,21,4459,8149,7
"Emory Healthcare",2013,1897,91264,496886,28025,273598,569014,29206,842612,64692,12381,250343,41200,33,9682,1712,151,2994,0,4857,9747,7
"Emory Healthcare",2014,1912,89103,493355,27561,279120,500983,28696,780103,75061,15608,230556,39391,26,9585,1853,163,2986,0,5002,10030,7
"Emory Healthcare",2015,1978,93153,509765,27890,298775,549930,28648,848705,74021,15326,250045,42237,28,9814,1837,232,3245,0,5314,10656,8
"Emory Healthcare",2016,1989,96368,535953,28665,227933,748361,28939,976294,81075,15386,255282,44513,72,9912,1328,0,3659,0,4987,10046,8
"Fairview Health Services",2011,2168,109645,512679,35990,313904,1305736,50835,1619640,105883,19334,205356,40859,776,8075,1698,5564,386,9,7657,16090,11
"Fairview Health Services",2012,2160,110790,525368,35064,315700,1535162,50531,1850862,116285,20961,213206,42035,845,8309,3521,1634,650,615,6759,14024,11
"Fairview Health Services",2013,2173,108800,532266,33703,313697,1586330,49938,1900027,117860,20634,212034,41878,790,8421,2564,1131,1662,552,6232,12931,11
"Fairview Health Services",2014,2142,105186,517232,32166,318178,1431374,51012,1749552,111040,21160,210868,40437,808,8045,2880,1055,1463,402,6221,12829,11
"Fairview Health Services",2015,2175,102542,527713,31607,344869,1227137,51291,1572006,123666,20952,212821,39857,911,7924,1673,1274,1636,394,4977,10865,11
"Fairview Health Services",2016,2139,102558,529442,30374,359183,1037638,45742,1396821,126197,21515,219651,39542,1027,8754,1436,1161,1677,422,4696,10419,11
"Geisinger Health System",2011,1997,103851,492706,30473,336085,2183972,44792,2520057,84633,18401,252245,48039,398,12399,955,1104,217,151,2427,5252,8
"Geisinger Health System",2012,2075,105461,498819,32371,384708,2179378,45638,2564086,82501,17977,260556,50158,444,12964,808,1561,309,315,3379,6816,8
"Geisinger Health System",2013,2079,103844,493315,27852,543278,2014835,44771,2558113,95584,18107,238698,46797,339,12585,458,127,123,3,1553,2603,8
"Geisinger Health System",2014,2085,98621,477303,26284,550796,2072760,40802,2623556,109803,20839,227634,43620,353,12655,267,167,135,2,571,1495,8
"Geisinger Health System",2015,2276,97019,432858,24840,595138,2063288,37162,2658425,107535,20677,206265,40251,344,13490,402,36,350,3,791,1926,8
"Geisinger Health System",2016,2317,105407,461009,27724,404033,2537947,40881,2941980,100990,21513,244167,49551,479,14499,825,2595,406,80,4972,9357,8
"Hawai'i Pacific Health",2011,512,28632,159171,6274,124797,978343,17046,1103140,27361,4769,87018,14264,190,3412,99,213,32,420,934,1888,4
"Hawai'i Pacific Health",2012,526,29490,163348,6379,132703,993658,15444,1126361,28497,5148,90817,14736,281,4014,90,320,30,417,857,1995,4
"Hawai'i Pacific Health",2013,537,29993,169969,5999,146071,1035985,13518,1182056,32422,5346,93075,14947,206,3722,333,330,34,63,760,1726,4
"Hawai'i Pacific Health",2014,547,29276,167410,6063,154020,1095105,14170,1249125,32439,5470,94214,14997,219,3993,343,331,54,58,786,1791,4
"Hawai'i Pacific Health",2015,476,28131,160447,7451,147464,1200402,18681,1347866,31558,5182,88582,14687,229,3925,472,255,165,9,901,2031,4
"Hawai'i Pacific Health",2016,483,27524,154383,7273,151592,1236675,19113,1388267,31750,5182,83566,14202,238,4018,380,276,226,16,898,2034,4
"HCA Healthcare",2011,36447,1728775,8118177,506995,6196538,7883861,730555,14080399,1465991,327642,3985235,746500,581,122517,24868,1268,5123,1169,39974,72983,150
"HCA Healthcare",2012,36853,1753595,8264396,502967,6349158,8210215,698104,14559373,1580234,343843,4020201,759542,619,123024,24845,996,5505,1091,38183,71239,150
"HCA Healthcare",2013,37250,1731136,8307973,494882,6537049,7727409,748624,14264458,1582649,329432,4035404,762068,672,123490,24534,619,5715,2576,37925,72041,151
"HCA Healthcare",2014,37446,1774448,8574958,489850,7069467,8205773,752293,15275240,1740216,363670,4162712,786287,638,126869,23056,502,8480,2068,37348,72092,152
"HCA Healthcare",2015,37830,1841299,8970794,495002,7368170,8847855,757915,16216025,1798754,371864,4325770,805315,599,130654,24669,551,10635,3811,41425,81690,155
"HCA Healthcare",2016,38095,1874100,9106865,479325,7442968,9150536,740893,16593504,1811011,372183,4473052,843907,696,133424,20355,378,9936,2349,37465,71179,157
"Health First",2011,946,39233,199069,9454,138619,286768,9376,425386,25868,4731,126811,22247,41,2907,953,155,110,0,1218,2477,4
"Health First",2012,862,39516,202164,9851,146475,294291,10573,440766,27391,4771,121431,21792,35,2417,752,382,192,16,1342,2719,4
"Health First",2013,862,42396,204649,10752,154827,293454,10562,448281,28773,5026,123268,23363,35,2417,723,295,303,10,1348,2714,4
"Health First",2014,862,43885,199960,11425,163798,295917,10110,459715,24871,5305,110547,22245,89,2693,593,282,322,163,1360,2809,4
"Health First",2015,862,45329,200002,10715,175675,319929,10857,495604,23841,4931,108564,22317,44,2508,661,275,302,159,1397,2838,4
"Health First",2016,856,45803,202742,11097,184336,307039,11184,491375,20272,5339,122537,25755,0,3311,977,91,426,191,1685,3370,4
"Henry Ford Health System",2011,2168,120936,601316,33145,436597,3122966,54623,3559563,98611,21309,341043,58632,1162,16969,1749,2132,337,135,4353,9868,7
"Henry Ford Health System",2012,2170,122258,607853,32537,471378,3322222,57832,3793600,108804,23315,331761,58521,1113,17101,1701,2114,566,23,4402,9919,7
"Henry Ford Health System",2013,2099,113811,578178,29788,463901,3217790,58114,3681691,110290,22442,306731,54498,1072,15750,1622,1610,1179,8,4419,9910,7
"Henry Ford Health System",2014,2063,105175,535783,29968,456704,4032398,57030,4489102,105903,22141,303584,53490,1084,18631,1560,2512,246,2,4320,9724,7
"Henry Ford Health System",2015,2130,111087,563807,28797,485763,4206292,56427,4692055,109010,23389,303480,54099,1092,19413,1551,2603,224,1,4379,9850,7
"Henry Ford Health System",2016,2191,111098,547331,32121,491284,4386802,57240,4878086,114155,24277,292854,53563,1181,20129,1383,2542,475,110,4510,10201,7
"HonorHealth",2011,1265,70878,289183,23430,166805,270883,34724,437688,61172,14678,139014,31379,84,6276,997,0,412,45,1454,2992,5
"HonorHealth",2012,1286,70508,288659,21066,169286,304977,32396,474263,53697,12348,139585,31455,93,6235,742,0,320,13,1075,2243,5
"HonorHealth",2013,1286,67705,286921,18302,88671,372954,34810,461625,61096,12834,135344,30089,156,6257,0,0,0,0,0,156,5
"HonorHealth",2014,1286,63734,276534,17198,88063,356507,31954,444570,61934,13054,130642,28389,182,7509,0,0,0,0,0,182,5
"HonorHealth",2015,1286,62653,284359,17058,143005,319348,29843,462353,66786,13395,136197,28361,187,7189,0,0,0,0,0,187,5
"HonorHealth",2016,1314,64929,302271,19097,111335,377344,31027,488679,71026,13128,145003,30180,192,7566,0,0,0,0,0,192,5
"Hospital Sisters Health System",2011,2075,83413,400843,21632,321340,1368078,44165,1689418,76871,14788,208711,40736,35,7416,2144,61,670,17,3055,5982,15
"Hospital Sisters Health System",2012,2065,83967,398419,20893,307918,1368069,44292,1675987,76703,14799,205293,41441,34,7092,2067,51,808,19,3041,6020,15
"Hospital Sisters Health System",2013,2067,83301,377044,19306,303028,1303515,41432,1606543,68409,14741,199943,40675,30,7086,1904,57,826,59,2941,5817,15
"Hospital Sisters Health System",2014,2065,78107,355398,19099,303249,1319344,42614,1622593,65328,15132,189083,37375,27,7132,2082,51,1220,99,3452,6931,15
"Hospital Sisters Health System",2015,1977,79315,356421,18277,324778,1394311,49400,1719089,74279,17029,181490,36830,26,7150,2084,41,1092,34,3251,6528,15
"Hospital Sisters Health System",2016,1931,75409,335134,17327,316136,1461669,49568,1777805,60943,15958,182312,36897,10,7261,2252,50,1099,51,3452,6914,15
"Indiana University Health",2011,2730,122553,651119,33880,438035,1804475,43997,2242510,157305,28602,287972,50706,264,19125,3121,2043,938,44,6146,12556,14
"Indiana University Health",2012,2743,117817,648367,33437,456043,1918156,44264,2374199,149138,27199,284979,48039,207,19351,3055,2199,493,32,6100,12086,14
"Indiana University Health",2013,2656,110659,612531,31613,446147,1979827,42859,2425974,150534,27790,276295,48113,200,18138,2736,2540,678,21,5975,12150,14
"Indiana University Health",2014,2607,107519,598646,30383,444515,2016778,41402,2461293,143554,25401,267624,46901,283,19106,2335,3114,733,12,6194,12671,14
"Indiana University Health",2015,2602,106941,608244,30577,471746,2130034,42459,2601780,131947,22044,263876,45831,257,18939,2262,3523,409,7,6201,12659,14
"Indiana University Health",2016,2590,104317,610653,31323,474787,2269227,45058,2744014,162463,37437,260913,49787,184,19442,1661,3999,270,404,6334,12852,14
"Inova Health System",2011,1984,96878,498291,30786,391812,602059,44039,993871,68328,13819,167406,28737,166,8775,4382,236,434,390,5442,11050,5
"Inova Health System",2012,1983,97330,495457,25965,406392,560205,42042,966597,81945,13344,178013,30427,174,8168,4187,356,387,274,5522,10900,5
"Inova Health System",2013,1979,98260,497955,24576,400006,443256,45911,843262,79873,12481,176203,30552,229,7842,4268,734,876,167,6045,12319,5
"Inova Health System",2014,1979,96502,487922,23113,399694,384972,47567,784666,74363,11382,172837,30832,242,7975,1079,659,651,1041,3430,7102,5
"Inova Health System",2015,1988,98154,499450,23745,408978,406293,47676,815271,85939,15695,185965,32710,383,9739,1776,640,638,33,3087,6557,5
"Inova Health System",2016,2060,100638,509866,24388,420518,507208,47665,927726,92926,17168,194678,34024,282,7894,1787,863,733,0,3383,7048,5
"INTEGRIS Health",2011,1369,52976,290660,14997,265597,462046,26508,727644,77409,9684,124988,23564,133,5387,1263,264,147,69,1930,3806,8
"INTEGRIS Health",2012,1321,50483,284380,13582,238775,366759,25799,605534,74866,8998,121230,23109,157,5717,1430,291,215,81,2198,4372,8
"INTEGRIS Health",2013,1299,49299,282469,13315,227926,365964,27225,593890,71631,8596,122899,21944,91,6297,695,232,98,28,1238,2382,8
"INTEGRIS Health",2014,1310,47222,281571,11790,237526,354674,26711,592200,71184,8516,120041,20687,115,5498,685,220,47,20,1074,2161,8
"INTEGRIS Health",2015,1386,49568,290461,12683,226824,304450,27693,531274,69960,8961,129478,21848,59,4070,636,284,86,100,1329,2494,8
"INTEGRIS Health",2016,1412,50244,292342,13477,232058,292433,30140,524491,68674,9227,133284,22878,58,4254,516,273,89,39,1161,2136,8
"Intermountain Healthcare",2011,2612,139900,541039,40725,459852,3139584,101528,3599436,103298,25634,170449,41064,132,14696,419,313,157,10,5780,6811,22
"Intermountain Healthcare",2012,2615,141471,540623,41188,473022,3357541,98044,3830563,105393,27027,173722,42954,124,14703,621,378,773,193,5943,8032,22
"Intermountain Healthcare",2013,2629,134878,522574,38274,498154,3177018,97281,3675172,108199,27303,167620,41034,104,14436,1234,442,851,198,6684,9513,22
"Intermountain Healthcare",2014,2662,134749,526967,38910,605205,3949346,103449,4554551,94878,23151,195242,45662,153,14819,1312,256,447,447,5842,8457,22
"Intermountain Healthcare",2015,2652,138030,520627,40455,569333,4302458,103096,4871791,100773,26470,179577,46495,208,15652,690,206,664,281,6685,8734,22
"Intermountain Healthcare",2016,2674,139885,531860,41034,507255,4530315,107126,5037570,100933,25469,185473,45283,168,16821,853,216,1004,143,6143,8527,22
"Johns Hopkins Health System",2011,2431,121380,680464,44289,338210,1289117,70821,1627327,189632,30590,231180,37386,106,16427,2531,178,2472,0,5181,10468,6
"Johns Hopkins Health System",2012,2422,119421,679470,45019,351437,1347970,72888,1699407,187298,30236,229695,36123,121,17666,2438,285,2766,204,5598,11412,6
"Johns Hopkins Health System",2013,2495,118964,692325,44068,358700,1371162,73265,1729862,188910,29903,239704,37270,135,17747,1594,310,2795,180,4879,9893,6
"Johns Hopkins Health System",2014,2422,117738,685314,42633,351990,1397752,72649,1749742,185724,28619,240571,38396,179,17795,1565,166,3122,167,5020,10219,6
"Johns Hopkins Health System",2015,2395,117587,687394,41039,345036,1450537,75422,1795573,192137,30793,240298,39661,199,17803,938,159,2610,149,5147,9202,6
"Johns Hopkins Health System",2016,2298,114734,661133,42271,365744,1393826,79689,1759570,177682,27479,229369,38032,211,18099,2276,222,3331,220,6049,12309,6
"Kaiser Permanente",2011,6917,418022,1692634,107420,1425649,6304293,209159,7729942,240826,51833,780105,179864,3152,45252,210,3852,1442,796,7380,16832,32
"Kaiser Permanente",2012,7654,414642,1748726,124968,1748307,7128282,240967,8876589,180987,38582,746934,167368,3821,51354,311,4769,2357,872,8753,20883,34
"Kaiser Permanente",2013,7979,425575,1642347,115397,1851869,8075575,243501,9927443,169308,38235,735228,171953,2533,47546,302,5460,2684,950,10753,22682,35
"Kaiser Permanente",2014,8007,428710,1736796,123174,1969406,8037819,258658,10007225,244713,52888,767476,172692,2066,48302,343,4856,1373,951,8270,17859,36
"Kaiser Permanente",2015,8008,464397,1841680,122435,2255930,7917562,273748,10173492,280998,64641,813479,192173,3213,50476,140,4236,1955,1198,9564,20306,36
"Kaiser Permanente",2016,8060,475581,1867427,119314,2255374,8852581,279272,11107955,293970,74750,860648,205663,3704,52720,153,7332,2163,188,11757,25297,37
"Keck Medicine of USC",2011,394,17597,114704,7926,28894,211057,11022,239951,20747,2388,55678,8294,15,2601,417,0,0,0,417,849,3
"Keck Medicine of USC",2012,394,16247,105766,8160,15274,324580,10073,339854,17792,2183,50227,7552,10,3916,1016,0,0,0,1016,2042,3
"Keck Medicine of USC",2013,468,16672,111945,8122,15872,469208,10580,485080,19221,2270,52886,7816,10,3247,0,0,0,0,1426,1436,3
"Keck Medicine of USC",2014,375,18260,116654,8744,21192,359116,11185,380308,15661,1631,57027,7948,0,3821,1438,0,0,0,1438,2876,3
"Keck Medicine of USC",2015,457,19721,129904,9500,22724,447171,11571,469895,24955,2820,64123,8957,0,3683,1229,0,19,1,1249,2498,3
"Keck Medicine of USC",2016,593,19951,125042,9475,23233,443010,13081,466243,23834,2705,65597,9496,0,3668,1558,0,0,0,1558,3116,3
"Legacy Health",2011,1117,56344,243876,18583,228448,665624,36933,894072,60245,13035,87285,19211,220,5895,9,342,2097,354,2802,5824,6
"Legacy Health",2012,1130,58166,244167,17086,225466,985760,33150,1211226,59205,13310,91663,20727,230,6258,44,376,1508,56,1984,4198,6
"Legacy Health",2013,1141,57764,249273,17470,239010,1013535,34719,1252545,61674,13262,93665,20901,273,6379,0,387,1532,74,1993,4259,6
"Legacy Health",2014,1157,57505,250756,17368,243965,1059275,24249,1303240,62637,13585,96724,20637,314,6850,36,502,1593,13,2144,4602,6
"Legacy Health",2015,1157,61511,270133,17155,272550,810340,25570,1082890,81913,17825,106158,22635,189,6708,44,594,1633,2,2273,4735,6
"Legacy Health",2016,1153,62409,288328,17649,272977,1193481,27165,1466458,90482,18085,111472,23742,186,7136,47,473,1229,2,1751,3688,6
"Lehigh Valley Health Network",2011,1640,86418,445705,23067,336147,815239,28379,1151386,59949,12131,266905,45970,459,8968,1100,1076,467,91,2734,5927,6
"Lehigh Valley Health Network",2012,1672,85465,441570,23102,341904,809196,28271,1151100,61287,11970,261205,45189,484,9364,1086,1177,496,90,2845,6178,6
"Lehigh Valley Health Network",2013,1665,84726,438443,21779,343711,808847,28129,1152558,61947,12341,255519,44954,569,9785,1122,1232,449,83,2867,6322,6
"Lehigh Valley Health Network",2014,1596,81350,411720,21141,316001,890780,28706,1206781,64035,12316,238454,42387,540,9624,954,1262,347,78,2641,5822,6
"Lehigh Valley Health Network",2015,1644,79727,412001,20777,319253,977066,34862,1296319,60258,12225,237904,42321,619,9908,728,1408,450,16,2602,5823,6
"Lehigh Valley Health Network",2016,1682,81676,425976,21379,337836,939116,38098,1276952,75836,13919,235564,42883,625,10127,1037,1594,534,22,3187,6999,6
"Lifespan",2011,1089,56025,296130,15308,234823,331582,23878,566405,49971,8734,152868,26142,337,6482,1868,359,474,0,2701,5739,4
"Lifespan",2012,1067,55697,279668,15011,239031,366298,23837,605329,47674,8488,141625,26285,369,6525,1733,487,478,0,2698,5765,4
"Lifespan",2013,1071,55073,286848,14884,241767,422700,23648,664467,55871,8970,137524,25627,123,7048,1928,610,553,1,3092,6307,4
"Lifespan",2014,1066,56119,287327,14727,239117,455055,23588,694172,65908,11050,141574,27302,129,6958,2017,753,497,0,3267,6663,4
"Lifespan",2015,1076,58000,302278,14952,240110,492149,22768,732259,73432,12907,150741,28479,104,7086,1931,882,511,0,3324,6752,4
"Lifespan",2016,1105,62360,323221,16105,257081,538674,24837,795755,74215,13600,151447,29779,96,7216,1888,1004,455,0,3347,6790,4
"Mayo Clinic",2011,1786,71777,412008,24656,239212,1430360,48778,1669572,65053,6620,199109,38134,1024,12565,598,1674,237,55,2628,6216,21
"Mayo Clinic",2012,1802,71566,412270,24261,254839,1485911,47494,1740750,58411,6584,202700,37508,1060,12551,392,1279,113,40,1946,4830,21
"Mayo Clinic",2013,3070,126501,688814,50557,322895,1744171,77683,2067066,127780,18326,327430,59555,3472,36820,317,1417,160,95,4397,9858,22
"Mayo Clinic",2014,3048,123044,700927,48545,336611,1588030,70415,1924641,156818,22463,335265,55973,2932,35685,1043,3270,90,54,4518,11907,22
"Mayo Clinic",2015,2840,122293,693698,48019,349354,1657067,73164,2006421,160704,24648,332704,56555,3211,37694,204,3637,767,57,4665,12541,22
"Mayo Clinic",2016,2782,127372,681050,49952,365130,1714723,77463,2079853,150190,25200,329991,58204,3353,37928,190,3657,1334,29,5210,13773,22
"McLaren Health Care",2011,2255,108856,520622,31753,403909,1808269,57402,2212178,88997,18632,312514,60584,170,10145,1062,216,378,703,2359,4888,12
"McLaren Health Care",2012,2328,106534,501288,28583,419565,1801957,61855,2221521,83777,18434,297741,58531,162,10666,1830,230,501,184,2742,5649,12
"McLaren Health Care",2013,2266,104351,498482,29189,412432,1785319,61189,2197751,85852,15708,300100,58732,175,10470,1772,283,580,66,2698,5574,12
"McLaren Health Care",2014,2507,100056,461046,27300,411370,1745964,58498,2157334,81311,15711,276840,53603,179,11531,1502,238,583,114,2437,5053,12
"McLaren Health Care",2015,2261,101670,495580,27571,420295,1886756,62462,2307051,94956,19258,300924,58488,158,10547,1407,211,584,108,2310,4778,12
"McLaren Health Care",2016,2250,102748,500097,28116,497820,1779213,59012,2277033,107817,21001,286306,56858,160,10734,1641,239,668,112,2660,5480,12
"MedStar Health",2011,3038,151333,774538,45070,559642,1857992,76401,2417634,164893,34237,370637,65530,851,19664,3470,1075,692,196,5433,11717,10
"MedStar Health",2012,2951,152163,764692,42725,585865,2160854,78030,2746719,154507,32566,374749,66214,932,20120,3537,1159,825,56,5577,12086,10
"MedStar Health",2013,3210,146355,727743,41027,572767,2687125,73591,3259892,143412,28291,362534,62351,954,21028,2928,1296,965,73,5222,11438,10
"MedStar Health",2014,2881,137047,729112,40391,549659,2311859,71816,2861518,157148,31896,358097,61206,1028,20403,2892,1468,847,670,5877,12782,10
"MedStar Health",2015,2882,132827,740084,39560,545296,2519700,71953,3064996,179656,34134,371659,61048,1140,20270,2112,1192,634,514,5789,11381,10
"MedStar Health",2016,2830,129571,718882,38397,516606,2340300,74610,2856906,187328,35466,367001,58201,1146,19797,2776,1555,881,700,5912,12970,10
"Memorial Hermann Health System",2011,3017,131982,683450,40284,432930,641830,35839,1074760,148128,27347,270881,47979,1,11303,4711,61,1335,0,6107,12215,8
"Memorial Hermann Health System",2012,3060,131584,680542,39983,449689,673145,34782,1122834,143110,26429,272871,48609,0,11426,3875,80,1293,997,6639,12884,8
"Memorial Hermann Health System",2013,3087,137375,706537,40733,476640,696312,37627,1172952,146986,27816,287185,51307,0,13020,3828,41,1240,1980,7089,14178,8
"Memorial Hermann Health System",2014,3085,143377,743575,42265,508860,736729,40157,1245589,155990,28900,300683,53193,1,12917,4780,52,990,1637,7459,14919,8
"Memorial Hermann Health System",2015,3240,148800,790590,44200,563115,774539,40506,1337654,156571,27570,327702,56388,1,13873,5213,69,1347,1276,7905,15811,8
"Memorial Hermann Health System",2016,3493,157587,818871,48958,638603,805134,48168,1443737,155088,27146,335594,58047,2,14200,5640,65,1775,1550,9030,18062,8
"MemorialCare Health System (CA)",2011,1346,66968,307017,17907,142606,497507,16431,640113,58708,13744,115305,25105,0,6441,3014,0,575,0,3589,7178,4
"MemorialCare Health System (CA)",2012,1334,65798,293621,15524,144070,404056,16123,548126,80713,15542,108152,24472,0,6692,2989,0,634,0,3627,7250,4
"MemorialCare Health System (CA)",2013,1324,66300,288153,16169,145344,492896,14881,638240,79395,15981,108442,24674,0,6327,3231,0,521,0,3752,7504,4
"MemorialCare Health System (CA)",2014,1360,63924,265804,15586,175187,462193,14694,637380,76757,16759,100034,23649,0,6343,3210,0,529,0,3739,7478,4
"MemorialCare Health System (CA)",2015,1360,63432,271795,15245,209090,395004,15385,604094,86235,18528,101012,22752,9,6568,3189,0,591,0,3780,7569,4
"MemorialCare Health System (CA)",2016,1360,61521,270666,15829,189601,428106,14263,617707,90884,18856,98583,21751,10,6296,3105,0,612,0,3717,7444,4
"Mercy Health",2011,3628,180281,783755,43001,786282,2869095,87200,3655377,124887,28784,448109,93102,215,15561,1790,311,559,1550,4964,9389,21
"Mercy Health",2012,3591,180010,780338,34164,783979,2754095,80593,3538074,123084,29574,457041,94616,198,15390,3134,375,817,24,5040,9588,21
"Mercy Health",2013,3579,175994,757906,32208,736973,2476936,80953,3213909,128548,30835,417295,90320,184,14094,2276,618,601,74,4138,7891,21
"Mercy Health",2014,3808,181663,806743,32960,816949,2765789,83675,3582738,178633,42130,451441,92926,313,15757,2176,695,629,89,3589,7491,22
"Mercy Health",2015,3834,186059,800999,33102,844271,3163616,83565,4007887,185990,42010,447088,93725,367,16433,2480,634,525,33,3672,7711,22
"Mercy Health",2016,3681,189311,823721,33368,841647,3271235,78162,4112882,179648,40327,428240,92485,329,16124,2580,336,775,11,3702,7733,22
"Methodist Le Bonheur Healthcare",2011,1321,62229,354115,17305,281831,289233,17585,571064,80571,13287,144127,23342,36,5262,2190,66,0,0,2256,4548,1
"Methodist Le Bonheur Healthcare",2012,1324,62362,350565,18567,306494,271983,19129,578477,84729,14544,148734,24133,60,7692,0,89,0,0,1892,2041,1
"Methodist Le Bonheur Healthcare",2013,1883,63167,351112,19113,331501,253410,20359,584911,88221,14582,142140,23305,37,10036,0,0,0,0,1828,1865,2
"Methodist Le Bonheur Healthcare",2014,1490,63807,340659,19528,348335,365488,20347,713823,84901,14727,139758,25184,56,9016,0,259,0,1542,1801,3658,2
"Methodist Le Bonheur Healthcare",2015,1464,64427,355630,19530,351137,356651,21610,707788,89679,13533,115597,20706,101,7212,0,261,0,1542,2266,4170,2
"Methodist Le Bonheur Healthcare",2016,1441,63282,354752,19742,363177,574838,23935,938015,85471,12363,149335,26136,14,7220,1699,302,10,109,2120,4254,2
"Michigan Medicine",2011,919,45137,274523,17784,81021,1638628,28270,1719649,54346,8722,96999,15125,0,11273,0,62,1882,0,1944,3888,1
"Michigan Medicine",2012,899,45412,277380,17800,87057,1882159,30675,1969216,54413,8282,98115,15525,0,12370,0,94,1956,0,2050,4100,1
"Michigan Medicine",2013,939,46997,284583,18751,97546,1875186,30948,1972732,53219,8342,100006,15696,0,12524,0,128,1998,0,2126,4252,1
"Michigan Medicine",2014,962,47988,289657,19704,94870,2034095,31879,2128965,50609,8296,101426,15906,0,13266,0,152,2079,0,2231,4462,1
"Michigan Medicine",2015,993,49557,293569,19898,101171,2165946,32348,2267117,51571,8353,108146,16450,0,13697,0,173,2194,0,2367,4734,1
"Michigan Medicine",2016,976,50322,300018,16821,104219,2268574,37521,2372793,50417,8133,110589,16732,0,14184,0,162,2289,0,2451,4902,1
"Montefiore Health System",2011,2911,142862,848726,26700,509347,2138895,40040,2648242,267039,49085,398633,58980,1363,22939,235,3016,46,0,3297,7957,7
"Montefiore Health System",2012,2850,141265,837059,30333,500677,2167868,38950,2668545,269629,46211,397079,57299,1364,23318,1447,1871,97,0,3415,8194,7
"Montefiore Health System",2013,2808,135929,830874,25506,524790,2087238,41092,2612028,279859,46626,387034,56587,1573,23447,2332,2181,214,27,4790,11117,7
"Montefiore Health System",2014,2663,135210,808997,25937,546252,1899613,40847,2445865,274773,45157,393844,57138,1550,23564,2330,2285,181,106,4902,11354,7
"Montefiore Health System",2015,2633,138169,813044,27494,562774,2042032,37077,2604806,290216,48787,388208,58054,1607,24182,2121,2676,109,0,4906,11419,7
"Montefiore Health System",2016,2695,140307,849258,28167,555883,2254307,75623,2810190,286150,47776,390896,59395,1617,24122,1927,2618,180,1,4726,11069,7
"MultiCare Health System",2011,1379,66966,300593,15103,284810,458485,27996,743295,73540,16715,136776,27054,210,4715,1464,686,556,0,2706,5622,6
"MultiCare Health System",2012,1370,69816,310175,14862,289621,473989,28756,763610,74167,16932,138900,27773,241,5248,1486,653,601,0,2740,5721,6
"MultiCare Health System",2013,1428,67886,316156,14145,267353,506577,30730,773930,79327,16263,148897,27872,279,4934,1328,761,582,0,2671,5621,6
"MultiCare Health System",2014,1386,59485,284682,15885,274939,358369,38869,633308,88444,19242,131383,24442,265,4725,1273,830,620,0,3563,6551,6
"MultiCare Health System",2015,1304,61923,307880,17040,311076,347715,37888,658791,91327,19894,146730,25362,292,5009,1172,887,718,0,2777,5846,6
"MultiCare Health System",2016,1379,64216,322324,16992,338716,382433,43302,721149,94953,19451,139428,25515,230,5193,1056,946,866,0,2868,5966,6
"Nebraska Medicine",2011,566,26685,145273,8277,56074,396378,9042,452452,24919,4522,60826,10632,25,4669,1071,13,0,0,1084,2193,2
"Nebraska Medicine",2012,550,25452,141497,8222,57649,390726,9019,448375,26885,4326,59456,10344,19,4327,1019,11,0,0,1030,2079,2
"Nebraska Medicine",2013,580,24603,139150,8326,57387,378715,8855,436102,23952,4042,59918,10047,16,3973,997,4,0,0,1001,2018,2
"Nebraska Medicine",2014,580,23996,145740,8254,55682,394497,9052,450179,27942,4081,60476,9626,25,3623,1020,6,0,0,1026,2077,2
"Nebraska Medicine",2015,572,28255,148851,9371,86276,451329,11585,537605,24801,3771,63369,11265,13,4898,799,395,0,0,1194,2401,2
"Nebraska Medicine",2016,592,29620,155252,9783,88623,865566,12408,954189,29152,5150,69575,12910,22,5502,755,522,0,0,1277,2576,2
"NewYork-Presbyterian",2011,3502,182261,1094165,53647,520759,2098724,115563,2619483,315430,52162,475592,71429,224,25654,225,186,47,0,4819,5501,4
"NewYork-Presbyterian",2012,3500,182156,1079667,52707,469649,2353202,118480,2822851,302372,50404,474034,70865,331,25850,178,2,93,3,6003,6610,4
"NewYork-Presbyterian",2013,3642,188814,1104681,56935,589621,2255421,131298,2845042,330290,58768,505388,72695,542,28268,5177,472,136,414,5897,12638,4
"NewYork-Presbyterian",2014,3606,181487,1095133,47490,596293,2680555,129407,3276848,333891,60276,495218,69605,556,28449,5398,378,267,415,6458,13472,4
"NewYork-Presbyterian",2015,3608,180856,1098595,49152,612875,2778558,136019,3391433,343929,58289,501672,69744,411,28463,6366,619,458,231,7674,15759,4
"NewYork-Presbyterian",2016,3540,182922,1115091,49959,624754,2722247,136015,3347001,340283,57768,511024,69852,405,29859,6493,551,251,389,7684,15773,4
"Northwell Health",2011,5073,269195,1499246,61394,684030,2505410,148203,3189440,293452,50063,759959,116687,3490,46102,9298,3574,262,204,13584,30412,14
"Northwell Health",2012,5053,267417,1479733,60825,717244,2595060,148616,3312304,303339,53613,743220,114317,3091,44940,12455,2441,215,419,15774,34395,14
"Northwell Health",2013,5009,261417,1457267,61556,706676,3441627,162273,4148303,317636,56288,733001,111987,2374,45936,11441,2702,194,1846,16345,34902,14
"Northwell Health",2014,4810,255075,1413408,62654,771989,3255114,157195,4027103,309823,51888,697825,107091,3157,35745,13355,3048,123,84,16610,36377,14
"Northwell Health",2015,4702,259518,1430387,61504,752970,3336289,158357,4089259,326585,55297,712486,109047,3003,37199,17121,3869,450,211,21651,46305,14
"Northwell Health",2016,4914,294473,1594592,68081,857904,3552891,172694,4410795,362181,68992,768392,122638,4402,42846,12575,6389,357,950,20271,44944,14
"Northwestern Medicine",2011,1856,104195,481372,27057,280207,1671555,44654,1951762,63147,13581,182049,34917,96,11409,2975,273,885,199,4329,8757,7
"Northwestern Medicine",2012,1826,101590,486220,26704,285552,1926169,47357,2211721,57709,12907,178991,34077,111,10958,3131,422,858,473,4487,9482,7
"Northwestern Medicine",2013,1848,99047,449752,26467,282464,1772152,53720,2054616,50479,11960,174606,33062,133,10965,3310,715,847,453,4924,10382,7
"Northwestern Medicine",2014,1854,94867,454110,27295,274237,1863953,53692,2138190,52620,12350,185019,33741,259,13192,2620,1901,375,14,4910,10079,7
"Northwestern Medicine",2015,1842,91392,445993,24795,288279,3942017,54810,4230296,63923,13483,188155,33118,564,14802,2528,1888,390,0,4806,10176,7
"Northwestern Medicine",2016,1900,89826,463253,22207,288997,4393693,47376,4682690,72042,13926,198884,33732,1493,15546,2557,2167,362,0,5086,11665,7
"Norton Healthcare",2011,603,26777,161242,9671,100268,267142,16712,367410,68785,10482,41162,6913,29,2693,0,0,0,0,2248,2277,2
"Norton Healthcare",2012,641,27260,168732,9428,112668,131236,16995,243904,72198,10839,43492,7090,39,2708,0,0,0,0,3880,3919,2
"Norton Healthcare",2013,608,27190,167038,8860,113213,126095,15603,239308,65363,9708,43451,7256,39,2643,0,0,0,0,3852,3891,2
"Norton Healthcare",2014,646,27935,167759,8753,119334,129682,15718,249016,68759,11321,44529,6982,37,2657,0,0,0,0,3890,3927,2
"Norton Healthcare",2015,649,28615,175506,9657,116260,127756,15262,244016,78065,12163,46689,7303,39,2822,0,0,0,0,3910,3949,2
"Norton Healthcare",2016,650,29228,178082,9690,110196,134094,15166,244290,79030,11949,46531,7520,3,2821,0,0,0,0,3836,3839,2
"Novant Health",2011,2361,126372,647015,35649,531875,1597477,74178,2129352,129500,23860,323114,57987,16,11693,4297,1367,1779,439,7882,15780,13
"Novant Health",2012,2322,129207,636523,36092,557979,1414234,76565,1972213,120082,23698,323083,59436,22,11174,2300,1717,481,943,5441,10904,13
"Novant Health",2013,2242,129221,627906,36598,553247,1408934,76379,1962181,102108,22318,327439,60176,25,11572,3324,2366,698,495,6773,13681,13
"Novant Health",2014,1955,130270,621626,36052,555672,1528936,76522,2084608,102725,22108,323343,59055,13,12886,3675,2661,1055,2580,9971,19955,14
"Novant Health",2015,1984,129369,630398,34167,569478,1553995,80403,2123473,105286,21913,323541,59017,16,10873,2651,3064,1739,1100,8554,17124,14
"Novant Health",2016,2070,129327,631524,27772,572414,1591714,83668,2164128,114290,23478,310929,56153,30,10740,3218,3086,1785,520,8609,17248,14
"Ochsner Health System",2011,1511,67547,331576,16333,304219,738911,28881,1043130,79603,15528,159483,29935,54,7708,253,1353,43,6,1655,3364,9
"Ochsner Health System",2012,1500,67297,338060,18109,303104,771135,30826,1074239,85435,14769,150049,29479,49,8398,328,1516,87,6,1979,3965,9
"Ochsner Health System",2013,1694,68570,339020,16630,351815,781280,43748,1133095,77894,13986,153268,30050,814,9350,450,1605,437,12,2503,5821,9
"Ochsner Health System",2014,1600,70719,353614,17828,369209,765980,40769,1135189,65067,12261,162786,31639,712,9950,1332,1325,468,396,3521,7754,9
"Ochsner Health System",2015,1618,74239,364500,18883,407148,742403,42015,1149551,73351,13641,173158,34122,829,9848,261,1862,953,1142,4218,9265,9
"Ochsner Health System",2016,1696,76702,389739,19144,427717,659147,47738,1086864,80908,14949,175135,34617,904,11491,380,1983,900,165,3498,7830,9
"Ohio State University Medical Center",2011,1185,56869,328760,18079,120625,976367,21419,1096992,88998,16887,111698,18320,2002,10786,151,372,1446,0,1969,5940,2
"Ohio State University Medical Center",2012,1180,56170,339195,18205,122499,1148227,22604,1270726,88257,14396,123912,19267,1826,11025,101,1792,165,7,2065,5956,2
"Ohio State University Medical Center",2013,1193,56592,343148,17941,118280,1366867,23881,1485147,87273,14642,130182,19888,1808,11438,145,1808,185,0,2138,6084,2
"Ohio State University Medical Center",2014,1198,57024,353270,17687,117977,1475542,23819,1593519,97669,16194,133764,19975,1846,11526,233,1846,80,0,2159,6164,2
"Ohio State University Medical Center",2015,1267,58211,357886,15958,125327,1538825,25000,1664152,101045,17508,136639,20291,2057,12664,50,2188,86,4,2328,6713,2
"Ohio State University Medical Center",2016,1277,61089,387014,16665,131439,1608216,26563,1739655,112740,19792,142591,20346,1550,12797,55,1843,111,8,2017,5584,2
"OhioHealth",2011,2227,110668,450226,30389,466123,2083758,37267,2549881,84023,18621,212818,47716,211,11212,1875,398,925,54,3252,6715,11
"OhioHealth",2012,2219,109075,450520,28498,459281,2031719,40812,2491000,84659,19867,206086,44687,28,10829,1401,328,838,39,2606,5240,11
"OhioHealth",2013,2128,108413,438655,30889,475304,2145105,40161,2620409,82022,18706,201405,46191,10,10899,1808,474,1203,41,3526,7062,11
"OhioHealth",2014,2126,102657,422999,28388,461148,2095345,42787,2556493,84710,19993,202181,45723,32,11301,1346,853,1361,62,3622,7276,11
"OhioHealth",2015,2130,106888,441180,29664,462646,1660235,47972,2122881,100215,25923,207205,46396,67,13779,1299,830,1194,44,3367,6801,11
"OhioHealth",2016,2240,108680,453433,30621,462448,1760464,48617,2222912,110977,29080,247980,48611,23,12678,949,774,1320,92,3135,6293,11
"OU Medical System",2011,750,28602,176804,10176,119674,186878,14031,306552,72019,11291,39257,6084,0,3159,0,0,0,0,926,926,1
"OU Medical System",2012,680,30560,183698,10478,122124,199952,14826,322076,74129,12386,41370,6197,0,3359,0,0,0,0,778,778,1
"OU Medical System",2013,677,30754,183649,10909,115179,205970,15218,321149,72169,12220,44178,6506,0,2814,0,0,0,0,833,833,1
"OU Medical System",2014,724,33871,197915,12141,117070,216828,15778,333898,74716,12547,43255,7613,0,2940,0,0,0,0,1105,1105,1
"OU Medical System",2015,724,35090,212677,12109,120289,218733,16365,339022,78201,12756,53610,7884,0,2817,0,0,0,0,899,899,1
"OU Medical System",2016,735,33880,213628,12338,112134,218104,16867,330238,79550,11778,55101,8110,0,2930,0,0,0,0,870,870,1
"Palmetto Health",2011,1380,57778,368064,19112,183554,453054,24600,636608,94395,15786,167141,21390,48,6917,1027,280,19,1,1327,2702,3
"Palmetto Health",2012,1356,53364,328677,19154,155914,479467,24532,635381,89951,15778,159734,21680,81,6976,1014,299,25,0,1442,2861,3
"Palmetto Health",2013,1374,56244,361656,17512,162245,523170,26856,685415,95632,16400,156023,20926,21,6881,897,383,20,0,1418,2739,3
"Palmetto Health",2014,1476,57107,358003,15501,222623,649130,26625,871753,92714,15711,153169,20509,59,7594,1407,488,18,0,1913,3885,4
"Palmetto Health",2015,1443,61049,364253,15513,232190,667313,29886,899503,92039,15599,159972,22583,73,7693,1350,633,14,26,2023,4119,4
"Palmetto Health",2016,1378,63511,391033,17322,235077,795336,32673,1030413,92661,15150,157019,22424,81,8791,1479,548,24,0,2051,4183,4
"Partners HealthCare",2011,3371,168005,975690,53046,446563,3907854,92042,4354417,124655,21727,429999,68561,3430,33531,2299,4158,1454,480,10036,21857,14
"Partners HealthCare",2012,3347,166399,968939,52171,458359,3971905,93809,4430264,124815,21725,436634,68385,3519,34398,2185,4336,1972,411,10295,22718,14
"Partners HealthCare",2013,3413,162260,973116,52430,464451,4009386,95200,4473837,149197,26374,433568,66274,3693,35465,1717,4544,930,454,9009,20347,14
"Partners HealthCare",2014,3383,157661,970653,50439,463392,4098808,96472,4562200,149201,25481,439090,66430,3752,35665,1675,5122,927,432,9242,21150,14
"Partners HealthCare",2015,3297,157360,968054,50372,478604,4689000,94818,5167604,149354,27247,454230,69206,3699,36059,1695,5248,1002,522,9496,21662,14
"Partners HealthCare",2016,3408,164180,997810,51062,481022,4754061,92414,5235083,153520,27275,459274,70787,3792,36612,1499,5654,1876,523,10366,23710,14
"Piedmont Healthcare",2011,2327,104941,551678,29182,452290,1141050,59155,1593340,141450,21367,236553,45108,138,10968,897,62,321,0,1994,3412,10
"Piedmont Healthcare",2012,2314,104153,554360,28921,399979,1205261,52137,1605240,94420,16514,262897,47129,189,10943,510,67,186,7,1345,2304,10
"Piedmont Healthcare",2013,2227,110289,555473,40086,471388,1133986,50506,1605374,80406,13219,272112,49582,152,11358,1402,216,304,116,2166,4356,10
"Piedmont Healthcare",2014,2234,112003,577883,39318,488947,1152424,46211,1641371,90269,15425,285131,47145,195,11392,2429,393,502,3,3340,6862,10
"Piedmont Healthcare",2015,2237,114143,573516,33760,482783,1253730,51946,1736513,98664,19370,287660,53428,125,10998,1439,376,384,0,2335,4659,10
"Piedmont Healthcare",2016,2245,114432,589614,35529,529787,1284677,53997,1814464,100088,17038,296288,54789,136,11785,1725,387,405,0,2670,5323,10
"Presbyterian Healthcare Services",2011,804,43005,178539,14349,145574,1496542,14957,1642116,43249,9942,74254,15886,195,3580,156,483,496,88,1223,2641,6
"Presbyterian Healthcare Services",2012,727,41575,169509,9765,141814,1420476,15874,1562290,43405,9802,65632,15178,375,4271,418,505,231,1,1155,2685,6
"Presbyterian Healthcare Services",2013,550,40668,154214,9853,147438,1549649,18127,1697087,41971,9600,72364,16354,437,4340,714,604,452,15,1785,4007,6
"Presbyterian Healthcare Services",2014,550,37187,164051,8682,166496,1889701,12210,2056197,49589,10566,65195,14106,492,4348,670,607,513,15,1805,4102,6
"Presbyterian Healthcare Services",2015,792,48372,225826,10715,242964,2240755,22767,2483719,67235,14081,99010,19570,515,5984,660,653,518,20,1851,4217,6
"Presbyterian Healthcare Services",2016,826,50000,214768,12656,257144,2386828,23756,2643972,72086,14796,104642,20096,463,5996,438,658,505,118,1719,3901,6
"Providence St. Joseph Health",2011,9434,470722,2183957,129740,1621167,7517300,229171,9138467,394838,82364,1002521,198099,373,44032,8323,391,2482,1944,16675,30188,48
"Providence St. Joseph Health",2012,9427,471571,2179571,127942,1656870,7501454,209087,9158324,402541,81681,1021402,202394,409,45595,8325,1363,2279,2613,18320,33309,48
"Providence St. Joseph Health",2013,9492,456700,2152864,136769,1656248,7260419,217173,8916667,412973,79406,1016237,199519,664,42302,8839,2119,2463,1465,15610,31160,48
"Providence St. Joseph Health",2014,9386,441570,2107861,145683,1813104,7714474,217969,9527578,451044,91705,958876,192630,366,45115,9038,2144,3419,2496,20353,37816,48
"Providence St. Joseph Health",2015,9476,455091,2162721,139596,1903151,8085952,212514,9989103,496328,104711,1026630,199370,348,44677,9880,2399,3523,1480,20935,38565,48
"Providence St. Joseph Health",2016,9407,450763,2211928,143056,1906596,8955514,279422,10862110,506357,106770,1053994,199220,450,47689,9988,2790,3737,1845,21887,40697,48
"Regional One Health",2011,325,13258,90772,8892,45189,80308,4110,125497,37574,6362,12811,1486,10,1834,0,0,507,0,507,1024,1
"Regional One Health",2012,325,13639,91688,5039,27110,111148,8325,138258,19382,2720,42888,5946,44,1883,0,0,0,0,0,44,1
"Regional One Health",2013,353,12709,91539,5695,55963,137552,1445,193515,42731,6933,12314,1114,3,1948,135,9,518,0,662,1327,1
"Regional One Health",2014,353,12808,90941,2864,41145,155818,4605,196963,20694,2788,42116,5486,47,2023,0,0,0,0,0,47,1
"Regional One Health",2015,374,13271,101987,2584,43308,163345,4429,206653,22463,2998,50661,5922,47,1959,0,0,0,0,0,47,2
"Regional One Health",2016,374,13152,101569,2720,48194,175840,4628,224034,24226,3065,48818,5843,47,2085,0,0,0,0,0,47,2
"Rush University Medical Center",2011,988,47778,247659,16801,139228,567769,22541,706997,60088,11432,99682,17275,302,8030,1037,88,102,554,1781,3864,3
"Rush University Medical Center",2012,993,48133,254147,17015,149151,566811,22018,715962,60784,11128,105889,18133,390,8568,924,799,120,60,1895,4188,3
"Rush University Medical Center",2013,997,50122,259588,16545,163458,673083,22729,836541,61254,11358,105353,18351,401,9121,892,853,131,62,1938,4277,3
"Rush University Medical Center",2014,983,49158,255172,16719,164977,793903,21557,958880,61928,11543,105382,18839,448,9358,712,689,143,61,1605,3658,3
"Rush University Medical Center",2015,984,49584,255543,17980,179611,726501,21891,906112,66815,12644,105715,18748,488,9710,641,767,161,67,1636,3760,3
"Rush University Medical Center",2016,979,49455,257759,18012,187588,773336,23711,960924,65139,12408,109673,19520,500,9728,611,796,166,61,1634,3768,3
"RWJBarnabas Health",2011,4136,215798,1140260,49335,649344,1600473,79167,2249817,229778,46351,563641,97339,350,19294,3815,342,722,262,5202,10693,12
"RWJBarnabas Health",2012,4247,210418,1089376,49313,719268,1441011,72433,2160279,225783,42243,519095,86877,335,18834,4305,443,830,346,7378,13637,13
"RWJBarnabas Health",2013,4209,201735,1089896,46595,699218,2107424,66578,2806642,245505,43564,496739,82437,329,18658,5746,488,1200,266,7700,15729,13
"RWJBarnabas Health",2014,3654,180966,993580,40285,692247,1457247,57898,2149494,265656,45366,412114,67737,302,16737,5541,511,894,178,7124,14550,12
"RWJBarnabas Health",2015,3816,191659,1050563,44709,746600,1491543,65430,2238143,283275,47804,491708,78591,264,18763,5219,1341,1713,173,8446,17156,13
"RWJBarnabas Health",2016,3833,184652,1012974,41146,724330,1576067,63293,2300397,251442,43592,471949,77599,284,19662,5142,664,1571,8,8099,15768,13
"Saint Luke's Health System",2011,951,41849,197303,8799,141764,709586,14760,851350,32769,6366,96524,19764,19,5005,1490,206,429,10,2135,4289,8
"Saint Luke's Health System",2012,925,43856,209340,9507,148263,579742,13850,728005,32639,5341,102564,20545,16,4848,1565,12,768,24,2369,4754,8
"Saint Luke's Health System",2013,983,43311,214554,9968,144969,727970,14276,872939,30450,5007,107372,20633,20,4529,1580,23,720,23,2342,4708,8
"Saint Luke's Health System",2014,959,42980,213683,10037,147910,759762,14324,907672,30251,4826,106886,20590,24,4221,1531,217,841,3,2592,5208,8
"Saint Luke's Health System",2015,978,43995,227828,10246,159390,796494,14172,955884,34469,4648,114698,22470,22,4412,1334,203,992,27,2556,5134,8
"Saint Luke's Health System",2016,1065,51535,255367,10885,169768,683013,13982,852781,45289,6752,121735,24598,26,4881,1310,343,1094,34,2781,5588,9
"SCL Health",2011,1746,85872,419474,23564,273196,1228732,28996,1501928,52423,10647,153451,32916,170,8454,3199,280,943,21,4443,9056,8
"SCL Health",2012,1844,82316,415464,24529,277272,1244383,29591,1521655,58696,12843,148559,33088,209,8164,3334,337,878,46,4595,9399,8
"SCL Health",2013,1847,75419,415948,20914,302711,1241815,30601,1544526,62475,12166,163724,33191,352,8359,3072,343,792,112,4668,9339,8
"SCL Health",2014,1852,77480,411743,23823,290185,692671,30539,982856,69050,12793,146651,31775,182,8592,3427,257,898,150,4732,9646,8
"SCL Health",2015,1859,78343,430416,24354,291871,724030,29905,1015901,113452,14707,153283,32496,197,8402,3094,293,1387,191,4965,10127,8
"SCL Health",2016,1858,81350,418432,23928,299127,738814,28978,1037941,81788,15607,147736,34861,205,8430,2798,286,616,111,4932,8948,8
"Scripps Health",2011,1121,72402,313160,22742,177294,267658,19016,444952,50820,10968,145469,29108,0,6751,2234,0,109,0,2343,4686,4
"Scripps Health",2012,1066,70368,307670,21524,179946,243852,19815,423798,54515,10869,138303,28513,0,6780,2070,0,305,0,2375,4750,4
"Scripps Health",2013,1052,69073,303055,21331,183232,233105,19423,416337,52148,10601,137398,28374,0,6625,1563,0,764,0,2327,4654,4
"Scripps Health",2014,997,66971,287163,21004,190601,228994,19514,419595,59719,12425,132264,27765,0,6546,1407,0,841,0,2248,4496,4
"Scripps Health",2015,962,68376,290116,20927,207010,232087,17876,439097,65072,14103,137402,29227,0,6994,1285,0,1224,0,2509,5018,4
"Scripps Health",2016,1036,67775,298548,20656,210619,231927,18590,442546,68058,13700,145962,30535,0,6921,1407,0,1122,0,2529,5058,4
"Sentara Healthcare",2011,2694,133454,725658,36544,731958,2717386,80744,3449344,171616,23128,345427,64187,109,13757,2011,1194,1269,425,4899,9907,12
"Sentara Healthcare",2012,2688,133585,726432,34853,807511,3064189,82055,3871700,171421,22627,346948,65382,123,13663,3286,811,1373,346,5816,11755,12
"Sentara Healthcare",2013,2699,131215,729198,35245,802888,3697641,78015,4500529,161654,16801,316292,59072,136,14209,3455,874,1771,79,6380,12695,12
"Sentara Healthcare",2014,2694,129039,714988,34771,796329,4264955,83624,5061284,162085,16279,339008,64112,148,13955,3484,1063,1925,112,6584,13316,12
"Sentara Healthcare",2015,2708,132451,720235,35826,786664,4021957,85611,4808621,161410,16360,342620,66317,522,15660,3629,1135,1973,18,6755,14032,12
"Sentara Healthcare",2016,2755,137412,751703,37196,776355,3941580,84973,4717935,163249,15893,344492,66986,555,15646,3796,1194,2028,18,7036,14627,12
"Sharp HealthCare",2011,1786,82374,458837,20872,215637,723551,26236,939188,119920,18432,176314,30023,0,7795,527,190,170,465,1611,2963,6
"Sharp HealthCare",2012,1747,84689,463633,20551,230861,704853,26038,935714,141977,19061,157765,30363,0,6434,515,190,187,467,1618,2977,6
"Sharp HealthCare",2013,1753,82988,460699,20205,244288,696872,26779,941160,147228,18746,161389,30381,0,6570,519,69,1228,471,3582,5869,6
"Sharp HealthCare",2014,1733,83327,464362,19316,260815,754467,26449,1015282,167905,23175,162126,29834,0,6794,794,180,1185,510,3725,6394,6
"Sharp HealthCare",2015,1889,82271,468148,18015,279992,859181,26887,1139173,168679,24150,168324,30000,0,6658,829,154,199,348,3883,5413,6
"Sharp HealthCare",2016,1870,82258,479610,17763,287849,928635,29529,1216484,174605,24635,173953,30515,0,6884,824,0,241,332,3700,5097,6
"Spectrum Health",2011,1541,72521,353168,23472,332255,2006169,54882,2338424,77203,13619,171270,31078,88,8469,1432,673,518,7,2630,5348,8
"Spectrum Health",2012,1509,75435,327371,23839,344895,2321150,60555,2666045,72932,13025,172027,30875,83,8544,958,175,1497,23,2653,5389,8
"Spectrum Health",2013,1546,72046,355743,21521,361959,2345028,52948,2706987,94797,13806,151671,30718,65,7430,1139,602,1483,10,2826,6125,8
"Spectrum Health",2014,1546,69806,354151,22023,351594,2338096,51625,2689690,90454,13274,151121,29329,71,7537,1037,881,1339,45,3302,6675,8
"Spectrum Health",2015,1536,74518,370730,22615,368237,2783559,50116,3151796,104003,17063,160257,32171,59,8084,614,1357,1414,124,3509,7077,8
"Spectrum Health",2016,1524,76137,379527,29232,382240,2882121,48256,3264361,108812,17674,157583,32016,128,9724,550,1526,1743,79,3898,7924,8
"SSM Health",2011,3827,185545,892304,43446,637420,2826503,76082,3463923,254041,40501,394462,81912,250,16881,4112,1321,1127,240,6800,13850,21
"SSM Health",2012,3928,185386,900273,42495,710465,2990205,87354,3700670,242745,39951,397694,79836,300,17363,4474,1314,1029,439,7176,14732,22
"SSM Health",2013,3920,183067,907328,42930,724422,3005872,86625,3730294,235938,38892,405583,81098,299,17579,4692,1933,1058,435,8032,16449,22
"SSM Health",2014,3926,183903,910865,41568,765258,3001266,86741,3766524,252037,41164,411913,81278,290,17468,3983,1529,1242,1086,7840,15970,22
"SSM Health",2015,3938,186491,929147,43002,821697,3152023,90010,3973720,258962,43958,425078,83244,312,18144,3853,1232,1333,472,6890,14092,22
"SSM Health",2016,4010,187381,948971,42212,831185,3388234,89900,4219419,255516,43361,428064,83478,335,19039,3556,1440,1444,512,6952,14239,22
"Stanford Health Care",2011,684,32714,180096,13990,80883,998225,18985,1079108,22481,3700,82123,14075,2,6951,1496,0,29,0,1525,3052,2
"Stanford Health Care",2012,683,33120,184252,11926,327763,1555885,19539,1883648,35002,5854,89081,14151,135,6119,124,0,40,0,164,463,2
"Stanford Health Care",2013,684,33520,184039,14755,96233,1158867,20113,1255100,25933,4109,82398,14837,21,7792,1503,0,0,0,1503,3027,2
"Stanford Health Care",2014,688,32928,189114,15097,102527,1271700,21718,1374227,29472,4630,84793,13490,21,8018,1537,0,0,0,1537,3095,2
"Stanford Health Care",2015,698,33090,188558,16056,101303,1377626,23212,1478929,26437,4918,82553,14340,0,9374,2303,0,163,0,2466,4932,2
"Stanford Health Care",2016,698,33798,191930,15512,108998,1738255,26456,1847253,31336,5225,90538,15008,0,11793,2339,0,153,0,2492,4984,2
"Summa Health System",2011,461,32431,157535,5225,103816,328807,9807,432623,31023,7381,88410,16449,184,4007,761,263,119,43,1186,2556,1
"Summa Health System",2012,428,31448,144803,5174,115862,331205,9795,447067,30708,7854,81087,16023,198,4128,769,243,131,41,1184,2566,1
"Summa Health System",2013,426,30569,138123,5314,125209,331364,10027,456573,30317,7959,76851,15410,254,3967,701,234,293,0,1108,2590,1
"Summa Health System",2014,436,29398,132324,5719,123733,280496,9967,404229,29567,6761,71339,14238,216,3149,639,0,427,0,1066,2348,1
"Summa Health System",2015,777,39294,188142,7109,140203,371493,13744,511696,34059,8131,106720,19832,246,4361,618,265,192,0,1075,2396,2
"Summa Health System",2016,721,33503,168474,6520,160234,319392,15013,479626,38004,10149,93164,18116,240,5956,557,288,242,0,1087,2414,2
"Sutter Health",2011,4943,206772,1072581,44831,787505,2896911,78972,3684416,228015,39964,499847,91979,404,18128,630,9,311,110,2102,3566,25
"Sutter Health",2012,4927,204958,1034674,58393,781064,1665563,73651,2446627,260775,47396,448026,83444,21,17446,3238,56,2387,520,8301,14523,26
"Sutter Health",2013,4535,196591,947324,51385,772549,1656500,112798,2429049,246224,51247,402474,80609,33,16649,4123,7,2359,299,10167,16988,26
"Sutter Health",2014,4050,191266,901365,48661,817423,1711955,84377,2529378,222818,48119,382378,77075,14,14578,4331,13,2509,529,10143,17539,26
"Sutter Health",2015,4177,200879,959929,50075,911698,1837034,90006,2748732,248287,53115,418996,80635,51,16612,4358,13,5266,498,10135,20321,27
"Sutter Health",2016,4175,200341,983786,50952,912005,1992938,91458,2904943,264248,63528,409975,75015,71,15896,3812,352,6664,1098,11926,23923,27
"Tenet Healthcare",2011,15471,706718,3330432,183054,2527533,4143532,269193,6671065,785300,171496,1590116,304798,139,53262,9924,214,2313,175,17271,30036,59
"Tenet Healthcare",2012,15545,691670,3244704,179294,2534904,4152527,264655,6687431,807048,162853,1509661,296071,181,52802,8686,452,2892,567,18299,31077,59
"Tenet Healthcare",2013,15285,679131,3213895,176386,2564050,4000725,268299,6564775,803425,156620,1509505,296513,272,51536,10601,424,3295,84,17823,32499,59
"Tenet Healthcare",2014,15125,689463,3234760,185610,2654767,3935007,255188,6589774,822193,168585,1568563,308925,299,53964,12984,389,4061,189,19346,37268,60
"Tenet Healthcare",2015,14828,701755,3224168,182340,2695969,4103204,252504,6799173,824873,179084,1555889,309984,286,54748,12782,535,4350,431,19568,37952,60
"Tenet Healthcare",2016,15212,699684,3279264,181095,2687988,4139455,255734,6827443,861428,179106,1567882,309718,306,54875,10900,330,3985,428,17033,32982,61
"Texas Health Resources",2011,2809,137673,671155,36558,575671,582481,32739,1158152,90680,17494,309889,59204,4,12042,4643,13,1176,0,6954,12790,13
"Texas Health Resources",2012,2764,140802,679746,35140,637957,627497,33819,1265454,91149,18201,315391,61036,4,11984,5073,0,1376,703,7151,14307,13
"Texas Health Resources",2013,2848,138496,667956,34053,649140,624703,34394,1273843,92501,18407,316077,61705,9,12135,4913,3,1837,807,7569,15138,14
"Texas Health Resources",2014,2854,141884,678884,33827,663406,577678,33031,1241084,94597,18608,317730,62437,4,12530,5602,10,1920,177,7709,15422,14
"Texas Health Resources",2015,2853,147808,702598,35163,668617,656211,34114,1324828,91969,17766,335366,66735,4,12538,5838,10,2223,20,8091,16186,14
"Texas Health Resources",2016,2863,151300,713209,33339,565867,574804,38031,1140671,80367,17647,344590,69554,3,12865,5739,8,2458,164,8369,16741,14
"TriHealth",2011,940,53564,233523,12546,160798,395867,20558,556665,35422,7923,113003,22610,332,4893,891,479,27,0,1397,3126,3
"TriHealth",2012,924,51979,225871,11927,173107,463479,19507,636586,35772,7729,106814,22085,422,5118,1164,467,11,3,1656,3723,3
"TriHealth",2013,871,49105,223923,11507,173149,503739,21558,676888,35642,7265,108753,21067,713,5445,1647,713,20,3,2383,5479,3
"TriHealth",2014,879,48184,219663,11265,178516,519373,34823,697889,38362,7816,105780,20801,570,5449,1596,560,0,0,2156,4882,4
"TriHealth",2015,934,49218,230219,11271,203582,573578,38593,777160,44880,9224,113164,21988,29,5003,1434,1007,0,0,2441,4911,4
"TriHealth",2016,879,48064,207347,11296,201248,546980,37816,748228,43737,9022,106316,21521,23,4908,1599,1043,0,0,2642,5307,4
"UAB Medicine",2011,1390,57838,351547,21992,127096,509694,16814,636790,83101,12416,140938,23825,35,7446,199,1089,34,88,1410,2855,3
"UAB Medicine",2012,1366,83164,343879,22496,135935,511254,16714,647189,61769,11207,116163,20954,160,7592,183,20,68,0,271,702,3
"UAB Medicine",2013,1366,81790,393523,26716,142460,543105,24192,685565,93967,11468,149736,24012,42,8254,189,1308,89,0,298,1926,3
"UAB Medicine",2014,1494,82396,380969,20395,148175,712337,22472,860512,91908,11804,147876,21757,40,8894,148,1297,112,0,1557,3154,3
"UAB Medicine",2015,1492,59429,400750,21971,166695,796766,23369,963461,95595,12282,161101,23826,28,9374,163,1310,71,0,1544,3116,3
"UAB Medicine",2016,1469,59714,408520,21914,179522,807253,24698,986775,95952,12479,165730,24458,32,9348,148,1310,85,0,1543,3118,3
"UCLA Health",2011,856,40318,263717,14636,83082,845508,22746,928590,52042,7094,84961,13357,0,7085,0,0,0,0,2642,2642,3
"UCLA Health",2012,806,40030,263261,14543,86100,885107,24301,971207,52025,6996,98774,14690,0,7538,0,0,0,0,2577,2577,3
"UCLA Health",2013,806,41328,267136,13601,87268,845045,25639,932313,54039,7102,99239,15276,0,7706,0,0,0,0,2577,2577,3
"UCLA Health",2014,805,44036,267506,14074,66313,647371,27051,713684,52262,6975,100151,15856,0,7870,0,0,0,0,2491,2491,3
"UCLA Health",2015,805,42247,269250,13252,73285,693355,28816,766640,69586,9789,103583,15815,0,8030,0,0,0,0,2364,2364,3
"UCLA Health",2016,795,40977,270550,12722,80812,695523,31585,776335,54948,7288,97134,15133,0,8096,0,0,0,0,2480,2480,3
"UF Health Shands",2011,1559,68601,431666,21996,155396,1021392,24789,1176788,134471,20612,155833,23333,3,9950,0,0,0,0,1279,1282,2
"UF Health Shands",2012,1566,68145,428761,21891,165745,1013112,24851,1178857,134969,21678,155550,24207,3,9621,0,0,1121,0,1208,2332,2
"UF Health Shands",2013,1572,65951,431241,22266,172116,1107698,26730,1279814,138617,20159,157765,23131,4,9686,0,0,826,0,1331,2161,2
"UF Health Shands",2014,1593,69488,449900,24709,184472,1128160,30079,1312632,142653,20544,163902,24518,2,10689,0,0,864,0,1257,2123,2
"UF Health Shands",2015,1592,72085,459596,24138,205945,1196434,31597,1402379,137489,20780,173989,26381,4,10850,0,0,861,0,1216,2081,2
"UF Health Shands",2016,1555,74237,453707,24065,248696,1394135,34374,1642831,144551,21231,174060,26496,4,11160,46,0,918,0,1359,2327,2
"UNC Health Care",2011,3197,139387,797369,37997,527941,2208294,80324,2736235,194239,29400,366111,66089,133,19275,2944,201,526,13,3731,7548,11
"UNC Health Care",2012,3198,138412,791530,38501,546898,2462214,82797,3009112,195812,27548,364660,65101,147,19814,2650,204,691,109,3654,7455,11
"UNC Health Care",2013,3205,136311,791107,37436,549980,2622706,83196,3172686,191316,26816,370826,63770,207,20396,2922,272,713,225,4132,8471,11
"UNC Health Care",2014,3129,131898,792860,36703,531377,2468662,83757,3000039,196613,27067,365604,61625,236,20374,2599,386,789,241,4015,8266,11
"UNC Health Care",2015,3171,134516,788707,36272,546431,2637174,84670,3183605,201329,26029,379490,64424,273,19968,2705,447,825,246,4223,8719,11
"UNC Health Care",2016,3337,138597,799271,37393,568759,2776299,85641,3345058,196264,25352,372409,63060,296,22003,2801,449,893,164,4307,8910,11
"UnityPoint Health",2011,3803,158375,797961,36969,604629,3251150,101254,3855779,139621,26784,355321,72591,414,17669,4843,1061,1605,147,7656,15726,36
"UnityPoint Health",2012,3850,158835,791434,39085,613046,3228360,103149,3841406,140419,27584,358177,71595,449,18033,4645,1049,1643,149,7637,15572,36
"UnityPoint Health",2013,3796,152149,771159,37712,604296,3272861,102956,3877157,135472,24360,354311,69030,461,18859,4454,1137,1768,124,7623,15567,36
"UnityPoint Health",2014,3847,146296,760013,34620,603736,3180836,102503,3784572,161797,28765,343896,65492,445,18444,4164,1036,2191,149,7540,15525,36
"UnityPoint Health",2015,3750,148962,760256,33223,633006,3234336,104474,3867342,165519,30363,347277,66377,431,18793,4209,1171,2085,65,7530,15491,36
"UnityPoint Health",2016,3728,144599,704468,32510,629104,3270821,102975,3899925,175905,31270,325870,64134,375,18907,3831,1022,2278,83,7214,14803,36
"University Hospitals",2011,1980,107111,492570,27424,372392,1487367,48723,1859759,109261,23717,257588,52242,29,12696,1535,1908,236,228,4053,7989,10
"University Hospitals",2012,2080,116826,518007,28496,439100,1443401,53236,1882501,113649,25879,269703,55931,40,13140,1492,2049,650,84,4275,8590,11
"University Hospitals",2013,2086,109507,495705,25902,429401,1459134,53935,1888535,107109,25177,274262,54163,24,13162,1501,2106,758,82,4503,8974,11
"University Hospitals",2014,2084,110163,508223,28486,446653,1592786,67847,2039439,113236,25246,272889,54013,36,13665,1473,1675,648,391,4187,8410,11
"University Hospitals",2015,2082,104849,495904,30007,457364,1484081,75104,1941445,115169,28309,266387,52294,14,13911,1741,3112,106,208,5167,10348,11
"University Hospitals",2016,2115,102359,490610,29993,462041,1924998,81135,2387039,127069,28758,258278,51000,1,14063,1721,3724,236,82,5763,11527,11
"University of California, San Francisco",2011,660,26935,182382,13158,36051,1035382,13868,1071433,54288,6629,51664,8752,0,5964,0,0,0,0,1864,1864,1
"University of California, San Francisco",2012,650,28826,178308,12989,37560,905519,14225,943079,48207,6547,48509,8783,0,5989,0,2015,0,0,2015,4030,1
"University of California, San Francisco",2013,650,28440,176916,12856,36465,942832,14298,979297,48644,6378,54067,8761,0,6406,0,2022,0,0,2022,4044,1
"University of California, San Francisco",2014,650,29175,178893,13099,42604,916718,15626,959322,53375,6919,55975,9255,0,6972,0,0,0,0,2259,2259,1
"University of California, San Francisco",2015,745,30504,188573,13406,48811,984358,16597,1033169,57292,8142,58591,9270,0,7023,0,0,0,0,2217,2217,1
"University of California, San Francisco",2016,782,33472,216074,15679,53835,1068205,15099,1122040,57310,8007,58621,9598,819,8711,0,0,0,0,2342,3161,1
"University of Chicago Medical Center",2011,1010,40634,232635,14076,143181,873660,14682,1016841,69066,10968,83494,14423,847,8004,0,818,0,0,818,2483,2
"University of Chicago Medical Center",2012,921,41229,227260,14284,125811,896950,15381,1022761,67320,11730,88841,15402,835,8036,0,833,0,0,1349,3017,2
"University of Chicago Medical Center",2013,907,41427,230016,14434,125658,912772,15639,1038430,67927,11836,92184,15716,914,8563,0,914,0,0,1430,3258,2
"University of Chicago Medical Center",2014,1109,40600,237990,11505,124542,925107,14186,1049649,70710,11916,96134,15553,829,8589,275,829,112,0,1216,3261,2
"University of Chicago Medical Center",2015,1102,42709,247352,11848,137606,962360,13779,1099966,82550,14191,97299,15879,838,8914,290,838,94,0,1222,3282,2
"University of Chicago Medical Center",2016,1016,43282,264282,12257,146246,947482,15186,1093728,84250,14223,101566,16023,842,9109,263,842,124,0,1229,3300,2
"UPMC",2011,6693,288558,1607194,118167,1008945,4978369,166060,5987314,292005,50475,843837,138985,1262,38648,1723,2118,1451,116,9073,15743,21
"UPMC",2012,6432,287850,1571644,118652,1030439,5231595,178049,6262034,305525,51929,812425,137026,1058,38218,2958,1447,1608,123,9021,16215,21
"UPMC",2013,6574,291074,1605970,95591,1052307,4820108,168735,5872415,316123,52388,839086,139514,1096,34866,1697,1385,1419,60,8927,14584,22
"UPMC",2014,6533,283205,1553258,92775,1031820,4895141,165483,5926961,311660,51315,796083,135797,1073,34783,1613,2782,2174,60,9039,16741,22
"UPMC",2015,6106,277902,1526879,89784,1038846,4882668,165758,5921514,315218,51061,798467,137431,1115,33578,1480,2785,2076,37,8811,16304,22
"UPMC",2016,5950,272960,1493552,84296,1077671,4755792,159046,5833463,316925,51862,784081,138022,1081,32402,1093,3334,2082,335,8893,16818,22
"UTHealth",2011,1362,60268,378137,16754,66626,2018995,16121,2085621,63952,14252,86059,13243,949,21920,4,1744,119,27,1894,4737,4
"UTHealth",2012,1308,58844,379321,13554,72984,2107196,20833,2180180,64039,13267,99696,15166,969,22867,8,1737,101,5,1851,4671,4
"UTHealth",2013,1368,60116,390937,13982,79014,2220593,22662,2299607,62399,12290,109289,16158,1002,23378,7,1803,113,3,1926,4854,4
"UTHealth",2014,1406,61601,398822,14196,80716,2321182,22751,2401898,61111,12646,109766,16323,1027,24070,8,1872,140,1,2021,5069,4
"UTHealth",2015,1565,65622,417476,15324,102530,2542279,26169,2644809,59573,13012,123469,18017,1071,25432,81,1932,133,20,2166,5403,4
"UTHealth",2016,1601,66981,440103,15273,108606,2644645,27502,2753251,53088,12081,115931,17322,1093,26574,49,1906,148,15,2118,5329,4
"Vanderbilt University Medical Center",2011,909,49174,275062,22246,109987,1586395,25650,1696382,79079,12412,73095,13549,1934,11433,0,0,1571,545,2116,6166,1
"Vanderbilt University Medical Center",2012,966,50240,277227,22183,114051,1825426,28815,1939477,77189,12687,75654,14280,2101,12527,0,0,1620,517,2137,6375,1
"Vanderbilt University Medical Center",2013,998,57768,307292,22397,119225,1714112,30023,1833337,84431,13229,83814,15828,2100,13472,0,0,1596,504,2100,6300,1
"Vanderbilt University Medical Center",2014,1004,59112,310119,22601,118590,1869019,30867,1987609,81139,13104,91069,16962,2154,13510,0,0,1722,498,2220,6594,1
"Vanderbilt University Medical Center",2015,1000,59026,314288,21573,121663,1949867,33575,2071530,89882,14643,90792,16523,247,11377,401,0,0,1829,2230,4707,1
"Vanderbilt University Medical Center",2016,1004,55778,309173,21699,123632,2002031,35724,2125663,82129,12835,97715,17281,254,14574,286,0,0,1562,1848,3950,1
"Virtua",2011,902,49265,227801,13227,156795,269315,14845,426110,24504,6140,110573,21285,34,3069,134,186,0,1250,1570,3174,3
"Virtua",2012,915,49494,225546,16646,166481,281511,12985,447992,23876,6143,108549,21028,54,3063,1558,297,250,0,2105,4264,3
"Virtua",2013,923,49433,225846,16833,167783,308134,14788,475917,22678,6038,109472,21319,54,2906,1683,333,224,0,2240,4534,3
"Virtua",2014,924,49563,227503,17066,173198,315871,13207,489069,32678,7583,113718,22257,50,3120,1334,238,230,0,1802,3654,3
"Virtua",2015,921,51596,233050,17162,184056,331525,13037,515581,35246,8479,120217,23934,50,3229,1804,425,242,0,2471,4992,3
"Virtua",2016,925,50950,228509,17316,185646,329703,16006,515349,36798,8623,116396,23712,84,3185,1565,489,301,0,2355,4794,3
"WellSpan Health",2011,1014,50545,256634,12344,188413,1636659,27203,1825072,50496,9280,126623,24053,161,7342,351,208,300,5,1636,2661,5
"WellSpan Health",2012,1019,49015,255265,11790,190328,1643186,27893,1833514,49138,8544,129727,23619,173,7547,319,229,327,31,1687,2766,5
"WellSpan Health",2013,1025,49771,261906,11858,190876,1676569,28434,1867445,53009,8790,127592,23537,178,7348,416,262,208,27,1651,2742,5
"WellSpan Health",2014,1016,49025,261081,12199,186070,1652365,27626,1838435,59433,9967,125088,22869,164,7446,422,266,222,26,1714,2814,5
"WellSpan Health",2015,1016,50209,268718,10273,258793,1567970,28291,1826763,66731,10341,120200,21750,242,6893,386,289,277,27,979,2200,5
"WellSpan Health",2016,1022,50778,277985,16604,200676,1627166,29470,1827842,68746,10667,122552,21947,239,7051,327,363,245,37,972,2183,6
"Yale New Haven Health",2011,1882,99091,505323,25646,384397,1425935,46840,1810332,110199,21072,236108,38888,76,11799,2152,364,1216,0,3732,7540,5
"Yale New Haven Health",2012,2438,99652,506007,27458,391291,1537382,46995,1928673,141344,26891,233999,39044,86,13391,2282,331,1296,0,3909,7904,5
"Yale New Haven Health",2013,2472,119653,669901,37366,375843,1763996,56622,2139839,191723,32517,307795,49504,82,13362,2168,549,1250,0,3967,8016,5
"Yale New Haven Health",2014,2473,117788,670012,38443,377127,1870146,54756,2247273,193952,32752,314972,48309,88,14138,2069,598,1309,0,3976,8040,5
"Yale New Haven Health",2015,2267,118368,622845,38843,395447,1952244,51803,2347691,194699,33145,312017,48767,60,13438,1861,588,1573,0,4570,8652,5
"Yale New Haven Health",2016,2216,119509,623776,41110,396725,1995343,57307,2392068,159229,31122,309943,48992,59,14345,1977,776,1681,5,4439,8937,5
