"NPR_Rank","a_Name","Year","Total_hospital_beds","Admissions","Inpatient_Days","Surgical_operations_inpatient","Emergency_room_visits","Other_outpatient_visits_non_ER","Surgical_operations_outpatient","Total_outpatient_visits","Total_Medicaid_days","Total_Medicaid_discharges","Total_Medicare_days","Total_Medicare_discharges","Physicians_and_dentists_FT","Total_personnel_FT","Total_Physicians_NE","Total_Physicians_TE","Total_Physicians_TG","Total_Physicians_TC","Total_Physicians_TP","All_Physicians","Hospitals","HMA_System_Name"
1,"Kaiser Foundation Hospitals (CA)",2011,6892,423230,1693238,108614,1417441,6276531,210479,7693972,237476,52470,782920,182456,3145,45226,210,3852,1442,796,7380,16825,30,"Kaiser Permanente"
1,"Kaiser Foundation Hospitals (CA)",2012,7619,418924,1747225,126404,1740438,7098078,243311,8838516,175981,38792,750086,169561,3813,51269,311,4761,2349,872,8737,20843,32,"Kaiser Permanente"
1,"Kaiser Foundation Hospitals (CA)",2013,8120,438631,1675817,118735,1889530,8044226,249572,9933755,164570,38539,753338,177977,2617,48281,327,5460,2820,950,10914,23088,34,"Kaiser Permanente"
1,"Kaiser Foundation Hospitals (CA)",2014,7764,417851,1678524,122496,1952055,7975950,256353,9928005,228314,50405,741035,167785,2026,47016,343,4856,1373,951,8270,17819,33,"Kaiser Permanente"
1,"Kaiser Foundation Hospitals (CA)",2015,7765,453429,1784569,121781,2238609,7849670,271224,10088279,267332,62141,785837,187172,3184,49156,140,4236,1955,1198,9564,20277,33,"Kaiser Permanente"
1,"Kaiser Foundation Hospitals (CA)",2016,8060,475581,1867427,119314,2255374,8852581,279272,11107955,293970,74750,860648,205663,3704,52720,153,7332,2163,188,11757,25297,37,"Kaiser Permanente"
2,"HCA (TN)",2011,35244,1647776,7863557,484116,5847403,7170036,687364,13017439,1449253,318998,3838074,710253,443,116426,24348,665,5040,1129,39158,70783,146,"HCA Healthcare"
2,"HCA (TN)",2012,35473,1685024,8011573,478969,5980969,7514786,648909,13495755,1562482,335980,3851490,722357,570,116703,24122,907,5472,2094,37527,70692,144,"HCA Healthcare"
2,"HCA (TN)",2013,37299,1721600,8324281,483128,6363225,7265654,720741,13628879,1623290,334202,3996256,748751,654,121298,22412,545,5287,1848,35509,66255,150,"HCA Healthcare"
2,"HCA (TN)",2014,36960,1747182,8493558,477916,6895429,7856900,717499,14752329,1766122,364264,4073026,767979,600,123092,21133,433,7908,1885,35076,67035,146,"HCA Healthcare"
2,"HCA (TN)",2015,37106,1801436,8851804,480414,7117662,8403791,721867,15521453,1797728,367849,4230900,783968,558,126233,22625,484,9881,3111,38759,75418,148,"HCA Healthcare"
2,"HCA (TN)",2016,38095,1874100,9106865,479325,7442968,9150536,740893,16593504,1811011,372183,4473052,843907,696,133424,20355,378,9936,2349,37465,71179,157,"HCA Healthcare"
3,"Ascension Health (MO)",2011,15989,712172,3822911,208674,2436771,11781712,373739,14218483,821721,120657,1829731,328904,1468,68497,21559,3145,5523,475,32745,64915,78,"Ascension"
3,"Ascension Health (MO)",2012,18751,834304,4362234,236439,3007531,13586262,420536,16593793,892374,137354,2080049,391399,1710,80071,13489,3873,2985,638,29472,52167,103,"Ascension"
3,"Ascension Health (MO)",2013,18755,818471,4331102,211993,3066000,13749266,385277,16815266,740072,129976,2163106,385923,1616,77535,12715,2565,3132,205,29318,49551,102,"Ascension"
3,"Ascension Health (MO)",2014,18656,791501,4251182,204370,3086042,13221855,395297,16307897,858320,138599,2057157,356231,1831,78916,12594,2245,3617,237,29686,50210,106,"Ascension"
3,"Ascension Health (MO)",2015,18582,830518,4356295,201825,3322169,15505921,402145,18828090,829940,153532,2135585,386487,1814,80063,12234,2436,4022,165,30728,51399,108,"Ascension"
3,"Ascension Health (MO)",2016,19692,862505,4473923,215431,3405670,15503949,432810,18909619,956388,169647,2190089,404185,1488,80196,14819,2849,4712,526,32708,57102,111,"Ascension"
4,"Tenet Healthcare Corporation (TX)",2013,17562,786561,3681640,200118,3026197,4465165,296727,7491362,871121,185448,1741167,338752,615,61716,12499,612,4166,1167,22252,41311,69,"Tenet Healthcare"
4,"Tenet Healthcare Corporation (TX)",2014,17564,796867,3753618,205492,3151164,4491561,285227,7642725,986677,205472,1768234,344563,672,63955,14445,822,4536,287,23541,44303,71,"Tenet Healthcare"
4,"Tenet Healthcare Corporation (TX)",2015,17166,800406,3673730,209968,3162164,4723950,292509,7886114,936684,205821,1703161,337527,452,64567,14693,586,5418,994,23734,45877,72,"Tenet Healthcare"
4,"Tenet Healthcare Corporation (TX)",2016,15212,699684,3279264,181095,2687988,4139455,255734,6827443,861428,179106,1567882,309718,306,54875,10900,330,3985,428,17033,32982,61,"Tenet Healthcare"
5,"Providence St. Joseph Health (WA)",2015,9180,439388,2123697,137518,1818539,7891036,198477,9709575,514306,104324,996353,193013,390,42294,8457,2385,3271,1205,18971,34679,46,"Providence St. Joseph Health"
5,"Providence St. Joseph Health (WA)",2016,9407,450763,2211928,143056,1906596,8955514,279422,10862110,506357,106770,1053994,199220,450,47689,9988,2790,3737,1845,21887,40697,48,"Providence St. Joseph Health"
9,"Dignity Health (CA)",2011,8028,408120,1947312,107575,1333105,3426833,142956,4759938,551066,105167,814582,160417,592,36910,4926,272,1819,1577,9378,18564,37,"Dignity Health"
9,"Dignity Health (CA)",2012,7846,389378,1853530,102199,1433527,3293163,136393,4726690,491555,94615,787732,152978,532,36470,6700,273,2561,1405,12250,23721,37,"Dignity Health"
9,"Dignity Health (CA)",2013,7558,376049,1755445,96768,1436837,3425296,130240,4862133,507731,94546,734545,150957,413,32985,8083,238,2672,2193,13918,27517,36,"Dignity Health"
9,"Dignity Health (CA)",2014,7874,365144,1738177,101226,1615026,3245165,125159,4860191,569925,108018,713335,142606,362,34678,7351,357,4182,2885,15969,31106,36,"Dignity Health"
9,"Dignity Health (CA)",2015,7780,378819,1800070,95464,1666317,3327190,138524,4993507,607996,121896,750240,150546,634,36398,7634,395,2576,2178,14503,27920,35,"Dignity Health"
9,"Dignity Health (CA)",2016,7895,384322,1854919,93288,1677278,3555288,141425,5232566,604715,116475,806495,152470,523,35931,6868,410,4206,1569,13053,26629,35,"Dignity Health"
11,"Sutter Health (CA)",2011,4920,205819,1070268,44643,780373,2876754,77570,3657127,227933,39917,498459,91574,403,17972,630,9,311,110,2102,3565,24,"Sutter Health"
11,"Sutter Health (CA)",2012,4890,203544,1031164,57669,776568,1641495,70141,2418063,260667,47340,446146,82824,20,17215,3238,56,2387,520,8196,14417,24,"Sutter Health"
11,"Sutter Health (CA)",2013,4498,195301,944186,50125,772549,1622439,81581,2394988,246217,51223,400810,80030,33,16435,4024,7,2359,159,9928,16510,24,"Sutter Health"
11,"Sutter Health (CA)",2014,4013,190197,898715,47603,817423,1680177,78425,2497600,222738,48079,380908,76540,14,14345,4191,13,2484,388,9837,16927,24,"Sutter Health"
11,"Sutter Health (CA)",2015,4177,200879,959929,50075,911698,1837034,90006,2748732,248287,53115,418996,80635,51,16612,4358,13,5266,498,10135,20321,27,"Sutter Health"
11,"Sutter Health (CA)",2016,4175,200341,983786,50952,912005,1992938,91458,2904943,264248,63528,409975,75015,71,15896,3812,352,6664,1098,11926,23923,27,"Sutter Health"
13,"Mayo Clinic Health System (MN)",2011,3200,151137,815550,38947,431102,2199094,72717,2630196,153148,22340,381691,72030,1142,17509,730,1698,284,55,2831,6740,25,"Mayo Clinic"
13,"Mayo Clinic Health System (MN)",2012,3215,149687,814355,36936,461995,2308878,69851,2770873,149698,22594,385871,70804,1191,17851,525,1302,162,40,2151,5371,25,"Mayo Clinic"
13,"Mayo Clinic Health System (MN)",2013,3351,136755,740416,53483,401191,2059022,85339,2460213,139323,20098,352251,64542,3508,38407,317,1417,160,95,4397,9894,24,"Mayo Clinic"
13,"Mayo Clinic Health System (MN)",2014,3329,133082,753882,51162,416167,1913476,77155,2329643,168843,24350,360169,60810,2969,37264,1043,3270,90,54,4518,11944,24,"Mayo Clinic"
13,"Mayo Clinic Health System (MN)",2015,3108,133311,738361,50981,412753,2068960,81609,2481713,171540,26771,354027,62017,3332,39918,204,3741,767,57,4769,12870,24,"Mayo Clinic"
13,"Mayo Clinic Health System (MN)",2016,2782,127372,681050,49952,365130,1714723,77463,2079853,150190,25200,329991,58204,3353,37928,190,3657,1334,29,5210,13773,22,"Mayo Clinic"
14,"Adventist Health System (FL)",2011,7087,358820,1609996,89784,1293103,3070199,128494,4363302,237653,55209,786855,154335,486,37156,8080,557,1691,121,10449,21384,33,"Adventist Health System (FL)"
14,"Adventist Health System (FL)",2012,7268,359916,1635136,92623,1485064,3030735,128535,4515799,235367,56676,778513,155318,462,37126,8432,2828,2181,351,11672,25926,34,"Adventist Health System (FL)"
14,"Adventist Health System (FL)",2013,7349,357670,1667192,93744,1536579,3244786,132866,4781365,250022,57265,800647,154409,462,37469,8340,1062,2441,1179,13219,26703,34,"Adventist Health System (FL)"
14,"Adventist Health System (FL)",2014,7565,372610,1714815,92959,1587233,3505322,133447,5092556,285570,61361,818719,154710,482,39017,8507,1498,3275,143,13423,27328,34,"Adventist Health System (FL)"
14,"Adventist Health System (FL)",2015,7675,381533,1750634,96633,1613629,3510347,138094,5123976,288485,65857,830891,157340,554,42358,7473,1687,2928,134,13138,25914,34,"Adventist Health System (FL)"
14,"Adventist Health System (FL)",2016,8345,409388,1889860,103999,1850524,3322019,150658,5172543,287933,61758,1025122,194166,615,46320,8320,1757,3792,96,13965,28545,36,"Adventist Health System (FL)"
15,"Advocate Aurora Health",2016,5494,274656,1285225,73439,926063,3592021,148850,4518084,265868,55763,625906,119968,86,25986,4367,1465,6536,767,14535,27756,25,"Advocate Aurora Health"
16,"Partners Healthcare System, Inc. (MA)",2011,3261,153269,952715,48984,351857,3326110,62787,3677967,126231,20193,416227,61699,3315,30838,1849,4082,1396,471,8908,20021,12,"Partners HealthCare"
16,"Partners Healthcare System, Inc. (MA)",2012,3256,152234,945599,47946,349839,3359603,65354,3709442,125392,20014,425976,61915,3396,31472,1622,4255,1915,410,9058,20656,12,"Partners HealthCare"
16,"Partners Healthcare System, Inc. (MA)",2013,3318,149104,952558,48297,359387,3355933,66551,3715320,149394,24732,425239,60305,3555,32595,1306,4455,880,454,7924,18574,12,"Partners HealthCare"
16,"Partners Healthcare System, Inc. (MA)",2014,3377,152247,978441,48067,388392,3600444,69462,3988836,156446,24662,440517,64192,3616,33346,1502,4490,891,432,8401,19332,13,"Partners HealthCare"
16,"Partners Healthcare System, Inc. (MA)",2015,3142,149828,936142,48025,397908,4089706,64970,4487614,145198,26149,436030,65611,3540,33245,1530,4641,961,522,8683,19877,12,"Partners HealthCare"
16,"Partners Healthcare System, Inc. (MA)",2016,3408,164180,997810,51062,481022,4754061,92414,5235083,153520,27275,459274,70787,3792,36612,1499,5654,1876,523,10366,23710,14,"Partners HealthCare"
17,"Northwell Health, Inc. Formerly North Shore-Long Island Jewish Health System (NY)",2011,4587,255553,1413580,56441,640065,1936492,126782,2576557,280924,51571,732109,110342,3449,43649,9296,3544,208,178,13228,29903,11,"Northwell Health"
17,"Northwell Health, Inc. Formerly North Shore-Long Island Jewish Health System (NY)",2012,4767,258995,1443677,56603,673524,2070656,127230,2744180,309630,56033,727188,109133,3001,42680,13374,2419,21,471,16285,35571,12,"Northwell Health"
17,"Northwell Health, Inc. Formerly North Shore-Long Island Jewish Health System (NY)",2013,4731,253241,1415587,56682,664915,2894131,141345,3559046,318440,58459,709946,107050,2270,43595,12461,2694,21,1864,17022,36332,12,"Northwell Health"
17,"Northwell Health, Inc. Formerly North Shore-Long Island Jewish Health System (NY)",2014,4681,254433,1416396,58433,723266,2811593,143009,3534859,319809,54857,707619,106847,3129,33948,14814,3137,5,234,18190,39509,13,"Northwell Health"
17,"Northwell Health, Inc. Formerly North Shore-Long Island Jewish Health System (NY)",2015,4454,248000,1360157,57661,712290,3212147,147172,3924437,319729,54300,666977,102249,2963,35685,17121,3820,450,211,21602,46167,13,"Northwell Health"
17,"Northwell Health, Inc. Formerly North Shore-Long Island Jewish Health System (NY)",2016,4914,294473,1594592,68081,857904,3552891,172694,4410795,362181,68992,768392,122638,4402,42846,12575,6389,357,950,20271,44944,14,"Northwell Health"
18,"Baylor Scott & White Health (TX)",2013,3694,155890,827064,36170,644685,2372061,53745,3016746,125573,24113,361137,62937,724,14773,5420,803,1504,1,8275,16727,19,"Baylor Scott & White Health"
18,"Baylor Scott & White Health (TX)",2014,3790,166160,861549,38505,697455,2844549,67172,3542004,118353,23543,366814,63041,7,14883,4310,521,2137,11,9383,16369,21,"Baylor Scott & White Health"
18,"Baylor Scott & White Health (TX)",2015,3723,172780,895972,40055,732117,2811154,70753,3543271,109454,22109,415626,73936,81,14444,6767,1118,243,0,8128,16337,19,"Baylor Scott & White Health"
18,"Baylor Scott & White Health (TX)",2016,3728,183007,891933,44212,728837,3002283,75422,3731120,106795,21733,400319,74051,0,13820,5025,1839,1414,1,8279,16558,19,"Baylor Scott & White Health"
19,"New York-Presbyterian Healthcare System, Inc.",2011,4671,235205,1381705,73190,626629,2708470,143303,3335099,370722,61257,607925,93601,636,32979,718,983,27,0,6089,8453,9,"NewYork-Presbyterian"
19,"New York-Presbyterian Healthcare System, Inc.",2012,4681,237226,1404654,74097,585149,2942959,149141,3528108,388218,66373,637948,92643,930,34634,1059,320,81,0,7187,9577,9,"NewYork-Presbyterian"
19,"New York-Presbyterian Healthcare System, Inc.",2013,4832,240975,1415486,78673,705594,2925087,164758,3630681,411734,74021,662598,94524,1164,37467,6775,831,210,414,7932,17326,9,"NewYork-Presbyterian"
19,"New York-Presbyterian Healthcare System, Inc.",2014,3202,155543,946540,41852,538508,2392859,110778,2931367,291337,52145,419321,59534,324,25839,5166,136,135,203,5640,11604,4,"NewYork-Presbyterian"
19,"New York-Presbyterian Healthcare System, Inc.",2015,3222,153815,951240,43181,553742,2483975,116537,3037717,301299,49675,427080,59275,195,25643,5777,255,249,7,6854,13337,4,"NewYork-Presbyterian"
19,"New York-Presbyterian Healthcare System, Inc.",2016,3540,182922,1115091,49959,624754,2722247,136015,3347001,340283,57768,511024,69852,405,29859,6493,551,251,389,7684,15773,4,"NewYork-Presbyterian"
20,"Cleveland Clinic Health System (OH)",2011,3405,156794,865763,57650,421552,5240792,119038,5662344,95290,16945,465942,76462,2265,33129,1168,2205,2639,862,6874,16013,11,"Cleveland Clinic"
20,"Cleveland Clinic Health System (OH)",2012,3564,157454,874500,55619,456565,5661922,133729,6118487,103877,17959,474608,77940,2279,34394,1059,5352,2672,3210,7109,21681,11,"Cleveland Clinic"
20,"Cleveland Clinic Health System (OH)",2013,3539,157086,858882,57395,476142,6090156,144790,6566298,101305,18202,459202,77037,2474,35757,955,5673,2846,3383,7420,22751,11,"Cleveland Clinic"
20,"Cleveland Clinic Health System (OH)",2014,3578,152532,844857,55560,497681,6368642,137086,6866323,127401,23687,446385,73738,2415,34207,1227,4110,238,2961,8536,19487,11,"Cleveland Clinic"
20,"Cleveland Clinic Health System (OH)",2015,3855,171994,936903,60194,611338,6789128,140594,7400466,157714,31152,492765,82322,2506,37175,939,7305,464,997,9705,21916,13,"Cleveland Clinic"
20,"Cleveland Clinic Health System (OH)",2016,4946,183760,978068,60216,692894,7524672,146568,8217566,169710,32659,514705,88097,2644,42444,2002,8282,607,59,10950,24544,15,"Cleveland Clinic"
22,"UPMC (PA)",2011,4538,197216,1153495,91694,566836,3234174,106778,3801010,220526,35072,577548,91341,1091,28385,559,1962,1048,109,6603,11372,11,"UPMC"
22,"UPMC (PA)",2012,4720,217676,1231495,98130,661124,3710476,130092,4371600,251422,39992,614023,100732,854,29882,1406,1083,1043,63,6480,10929,12,"UPMC"
22,"UPMC (PA)",2013,4832,219217,1255866,75657,700626,3167422,121060,3868048,260646,41149,634546,102490,869,26275,535,1055,1132,50,7108,10749,13,"UPMC"
22,"UPMC (PA)",2014,4749,213332,1217917,72511,684878,3161548,118040,3846426,254395,39453,602598,99954,844,25890,801,2445,1685,42,7383,13200,13,"UPMC"
22,"UPMC (PA)",2015,4694,215546,1239692,71168,741758,3393760,123840,4135518,265249,40612,638547,106062,857,25727,864,2499,1708,28,7532,13488,14,"UPMC"
22,"UPMC (PA)",2016,5950,272960,1493552,84296,1077671,4755792,159046,5833463,316925,51862,784081,138022,1081,32402,1093,3334,2082,335,8893,16818,22,"UPMC"
24,"Banner Health (AZ)",2011,4373,255331,1076512,105954,709823,2998942,83655,3708765,228404,53622,532232,116466,365,20977,447,1637,277,3,2364,5093,23,"Banner Health"
24,"Banner Health (AZ)",2012,4329,243062,1023801,92294,732056,3065251,80550,3797307,209472,50835,476087,103009,29,20152,1278,684,516,341,5898,8746,23,"Banner Health"
24,"Banner Health (AZ)",2013,4376,227895,1008680,60966,672843,2879715,107151,3552558,197186,43546,475421,101382,153,20688,5331,1956,2175,395,9858,19868,24,"Banner Health"
24,"Banner Health (AZ)",2014,5104,253603,1180368,65585,748693,2920681,105177,3669374,307330,64263,529491,105162,39,24764,5228,2379,3554,203,11364,22767,27,"Banner Health"
24,"Banner Health (AZ)",2015,5201,245886,1171968,56541,1004698,2741492,92933,3746190,326491,65995,543679,106301,729,26214,6345,3157,4082,122,13706,28141,29,"Banner Health"
24,"Banner Health (AZ)",2016,4909,231158,1114136,49797,647272,2889783,99590,3537055,315334,65692,525816,99781,733,26523,5821,3435,3809,428,13493,27719,28,"Banner Health"
26,"Carolinas HealthCare System (NC)",2011,4557,184384,1117859,55235,931879,2581836,94819,3513715,294848,39870,496955,80829,423,24643,1819,987,1940,1238,6888,13295,23,"Atrium Health"
26,"Carolinas HealthCare System (NC)",2012,5160,221235,1263004,65882,1150004,2896087,111134,4046091,323363,46116,548839,92830,710,30555,1392,755,2347,1401,8026,14631,22,"Atrium Health"
26,"Carolinas HealthCare System (NC)",2013,5507,238279,1291738,69035,1323734,3050104,124966,4373838,285700,48869,592172,105310,750,31032,1718,2316,3601,1038,10407,19830,24,"Atrium Health"
26,"Carolinas HealthCare System (NC)",2014,5421,240512,1278347,66428,1360426,2874331,124617,4234757,309742,48099,555428,106916,833,31876,1962,3119,2192,53,11216,19375,24,"Atrium Health"
26,"Carolinas HealthCare System (NC)",2015,5227,255163,1291860,69655,1466626,2975635,130986,4442261,268106,51449,597415,114807,814,35486,2211,4109,2954,136,12498,22722,24,"Atrium Health"
26,"Carolinas HealthCare System (NC)",2016,3851,186236,945640,57709,1108549,2283793,107664,3392342,209702,36095,419537,81608,101,20899,865,485,1146,67,12131,14795,19,"Atrium Health"
29,"Indiana University Health",2011,3063,134649,702303,37611,502246,2019075,56271,2521321,163439,31008,324182,57194,335,21110,3326,2241,965,45,6577,13489,16,"Indiana University Health"
29,"Indiana University Health",2012,3156,131792,714313,37393,527186,2158073,55472,2685259,162525,30206,321923,55346,325,21737,3256,2442,574,32,6625,13254,17,"Indiana University Health"
29,"Indiana University Health",2013,3028,123847,676589,35917,517767,2209788,52522,2727555,162859,30577,311063,54754,313,20452,2861,2772,763,92,6488,13289,17,"Indiana University Health"
29,"Indiana University Health",2014,2906,117934,644701,33096,501722,2234737,49034,2736459,152437,27353,293541,52587,356,21328,2591,3169,746,13,6519,13394,17,"Indiana University Health"
29,"Indiana University Health",2015,2699,111406,624330,32002,487755,2220764,45981,2708519,135936,22885,271146,47914,280,19908,2234,3523,334,4,6095,12470,14,"Indiana University Health"
29,"Indiana University Health",2016,2590,104317,610653,31323,474787,2269227,45058,2744014,162463,37437,260913,49787,184,19442,1661,3999,270,404,6334,12852,14,"Indiana University Health"
30,"Johns Hopkins Health System",2011,2431,121380,680464,44289,338210,1289117,70821,1627327,189632,30590,231180,37386,106,16427,2531,178,2472,0,5181,10468,6,"Johns Hopkins Health System"
30,"Johns Hopkins Health System",2012,2422,119421,679470,45019,351437,1347970,72888,1699407,187298,30236,229695,36123,121,17666,2438,285,2766,204,5598,11412,6,"Johns Hopkins Health System"
30,"Johns Hopkins Health System",2013,2495,118964,692325,44068,358700,1371162,73265,1729862,188910,29903,239704,37270,135,17747,1594,310,2795,180,4879,9893,6,"Johns Hopkins Health System"
30,"Johns Hopkins Health System",2014,2422,117738,685314,42633,351990,1397752,72649,1749742,185724,28619,240571,38396,179,17795,1565,166,3122,167,5020,10219,6,"Johns Hopkins Health System"
30,"Johns Hopkins Health System",2015,2395,117587,687394,41039,345036,1450537,75422,1795573,192137,30793,240298,39661,199,17803,938,159,2610,149,5147,9202,6,"Johns Hopkins Health System"
30,"Johns Hopkins Health System",2016,2298,114734,661133,42271,365744,1393826,79689,1759570,177682,27479,229369,38032,211,18099,2276,222,3331,220,6049,12309,6,"Johns Hopkins Health System"
32,"BJC HealthCare (MO)",2011,3288,150381,788836,43145,473812,1573898,65540,2047710,142948,25614,375502,67508,56,18379,5085,112,819,49,6065,12186,13,"BJC HealthCare"
32,"BJC HealthCare (MO)",2012,3270,150888,783051,44179,496924,1750464,68709,2247388,138031,26395,351079,66179,50,17959,4840,144,905,54,5943,11936,13,"BJC HealthCare"
32,"BJC HealthCare (MO)",2013,3288,142853,756574,43568,481503,1780058,67610,2261561,127859,24204,339038,62899,67,17583,4542,149,914,11,5606,11289,12,"BJC HealthCare"
32,"BJC HealthCare (MO)",2014,3308,142391,763792,43776,480979,1886952,69180,2367931,126524,22262,359651,66281,68,18363,4537,113,938,13,5601,11270,13,"BJC HealthCare"
32,"BJC HealthCare (MO)",2015,3640,155725,844507,47263,545284,2363016,77595,2908300,143864,24679,413046,76294,111,21394,4379,146,1154,15,5694,11499,13,"BJC HealthCare"
32,"BJC HealthCare (MO)",2016,3699,157231,885852,46768,569097,2416999,80278,2986096,167226,25478,416683,76833,112,21445,4422,171,1293,7,5893,11898,14,"BJC HealthCare"
33,"Northwestern Memorial Healthcare (IL)",2011,1073,62650,301996,15642,136604,671113,24873,807717,44650,8674,94331,18519,56,7285,1828,118,417,90,2453,4962,2,"Northwestern Medicine"
33,"Northwestern Memorial Healthcare (IL)",2012,1073,60312,302106,14951,135665,730858,25570,866523,39185,7763,91913,17490,74,7114,1939,122,401,76,2538,5150,2,"Northwestern Medicine"
33,"Northwestern Memorial Healthcare (IL)",2013,1074,57891,270040,13917,133492,728645,27482,862137,35237,7303,92234,17150,97,6714,2099,299,406,26,2831,5758,2,"Northwestern Medicine"
33,"Northwestern Memorial Healthcare (IL)",2014,1603,85557,391420,25958,234767,1683433,50719,1918200,49342,11518,153735,29299,244,12267,2379,1866,197,14,4456,9156,4,"Northwestern Medicine"
33,"Northwestern Memorial Healthcare (IL)",2015,1715,88347,404308,24795,288279,3896024,54810,4184303,62680,13393,169227,31650,547,14431,2528,1863,390,0,4781,10109,6,"Northwestern Medicine"
33,"Northwestern Memorial Healthcare (IL)",2016,1900,89826,463253,22207,288997,4393693,47376,4682690,72042,13926,198884,33732,1493,15546,2557,2167,362,0,5086,11665,7,"Northwestern Medicine"
34,"Memorial Hermann Healthcare System (TX)",2011,3017,131982,683450,40284,432930,641830,35839,1074760,148128,27347,270881,47979,1,11303,4711,61,1335,0,6107,12215,8,"Memorial Hermann Health System"
34,"Memorial Hermann Healthcare System (TX)",2012,3060,131584,680542,39983,449689,673145,34782,1122834,143110,26429,272871,48609,0,11426,3875,80,1293,997,6639,12884,8,"Memorial Hermann Health System"
34,"Memorial Hermann Healthcare System (TX)",2013,3087,137375,706537,40733,476640,696312,37627,1172952,146986,27816,287185,51307,0,13020,3828,41,1240,1980,7089,14178,8,"Memorial Hermann Health System"
34,"Memorial Hermann Healthcare System (TX)",2014,3091,143719,744310,42598,509540,745925,45523,1255465,155993,28901,300944,53301,1,13003,4780,52,1065,1637,7534,15069,9,"Memorial Hermann Health System"
34,"Memorial Hermann Healthcare System (TX)",2015,3310,151262,797116,46217,567421,791353,49554,1358774,157078,27832,331659,57639,5,14211,5213,69,1422,1276,7980,15965,10,"Memorial Hermann Health System"
34,"Memorial Hermann Healthcare System (TX)",2016,3493,157587,818871,48958,638603,805134,48168,1443737,155088,27146,335594,58047,2,14200,5640,65,1775,1550,9030,18062,8,"Memorial Hermann Health System"
35,"Fairview Health Services (MN)",2011,1468,71139,339507,25478,196677,864197,40114,1060874,73502,13079,125203,24304,752,6097,1698,704,386,9,2797,6346,6,"Fairview Health Services"
35,"Fairview Health Services (MN)",2012,1479,72670,352099,24527,207414,1037108,39652,1244522,79851,14419,134219,25525,799,6409,3451,608,581,16,4576,10031,6,"Fairview Health Services"
35,"Fairview Health Services (MN)",2013,1504,72291,367463,23792,209500,1071927,39708,1281427,81271,14442,132876,25627,744,6630,1843,507,1473,223,4379,9169,6,"Fairview Health Services"
35,"Fairview Health Services (MN)",2014,1473,71049,361020,23029,224289,1097075,40581,1321364,81108,14518,137225,25978,755,6316,2253,570,1373,108,4304,9363,6,"Fairview Health Services"
35,"Fairview Health Services (MN)",2015,1506,67680,359517,23095,233241,990333,41065,1223574,85122,14508,138792,25150,886,6220,963,703,1636,110,3412,7710,6,"Fairview Health Services"
35,"Fairview Health Services (MN)",2016,2139,102558,529442,30374,359183,1037638,45742,1396821,126197,21515,219651,39542,1027,8754,1436,1161,1677,422,4696,10419,11,"Fairview Health Services"
36,"RWJBarnabas Health, Inc",2015,3816,191659,1050563,44709,746600,1491543,65430,2238143,283275,47804,491708,78591,264,18763,5219,1341,1713,173,8446,17156,13,"RWJBarnabas Health"
36,"RWJBarnabas Health, Inc",2016,3833,184652,1012974,41146,724330,1576067,63293,2300397,251442,43592,471949,77599,284,19662,5142,664,1571,8,8099,15768,13,"RWJBarnabas Health"
37,"MedStar Health (MD)",2011,2751,134527,710822,41387,497791,1815148,70336,2312939,151865,30425,339279,58753,835,18506,3074,1054,642,196,4966,10767,9,"MedStar Health"
37,"MedStar Health (MD)",2012,2951,152163,764692,42725,585865,2160854,78030,2746719,154507,32566,374749,66214,932,20120,3537,1159,825,56,5577,12086,10,"MedStar Health"
37,"MedStar Health (MD)",2013,3210,146355,727743,41027,572767,2687125,73591,3259892,143412,28291,362534,62351,954,21028,2928,1296,965,73,5222,11438,10,"MedStar Health"
37,"MedStar Health (MD)",2014,2881,137047,729112,40391,549659,2311859,71816,2861518,157148,31896,358097,61206,1028,20403,2892,1468,847,670,5877,12782,10,"MedStar Health"
37,"MedStar Health (MD)",2015,2882,132827,740084,39560,545296,2519700,71953,3064996,179656,34134,371659,61048,1140,20270,2112,1192,634,514,5789,11381,10,"MedStar Health"
37,"MedStar Health (MD)",2016,2830,129571,718882,38397,516606,2340300,74610,2856906,187328,35466,367001,58201,1146,19797,2776,1555,881,700,5912,12970,10,"MedStar Health"
38,"Mercy Health (Formerly Known as Catholic Health Partners) (OH)",2011,3954,193815,843156,45416,882409,2874078,92156,3756487,133418,30575,488183,101519,215,16535,1790,427,559,2314,5844,11149,23,"Mercy Health"
38,"Mercy Health (Formerly Known as Catholic Health Partners) (OH)",2012,3917,192797,833259,36035,881964,2840540,85680,3722504,131439,31361,490607,101880,199,16292,3134,492,817,638,5771,11051,23,"Mercy Health"
38,"Mercy Health (Formerly Known as Catholic Health Partners) (OH)",2013,3579,175994,757906,32208,736973,2476936,80953,3213909,128548,30835,417295,90320,184,14094,2276,618,601,74,4138,7891,21,"Mercy Health"
38,"Mercy Health (Formerly Known as Catholic Health Partners) (OH)",2014,3808,181663,806743,32960,816949,2765789,83675,3582738,178633,42130,451441,92926,313,15757,2176,695,629,89,3589,7491,22,"Mercy Health"
38,"Mercy Health (Formerly Known as Catholic Health Partners) (OH)",2015,3834,186059,800999,33102,844271,3163616,83565,4007887,185990,42010,447088,93725,367,16433,2480,634,525,33,3672,7711,22,"Mercy Health"
38,"Mercy Health (Formerly Known as Catholic Health Partners) (OH)",2016,3681,189311,823721,33368,841647,3271235,78162,4112882,179648,40327,428240,92485,329,16124,2580,336,775,11,3702,7733,22,"Mercy Health"
39,"Texas Health Resources",2011,2809,137673,671155,36558,575671,582481,32739,1158152,90680,17494,309889,59204,4,12042,4643,13,1176,0,6954,12790,13,"Texas Health Resources"
39,"Texas Health Resources",2012,2764,140802,679746,35140,637957,627497,33819,1265454,91149,18201,315391,61036,4,11984,5073,0,1376,703,7151,14307,13,"Texas Health Resources"
39,"Texas Health Resources",2013,2848,138496,667956,34053,649140,624703,34394,1273843,92501,18407,316077,61705,9,12135,4913,3,1837,807,7569,15138,14,"Texas Health Resources"
39,"Texas Health Resources",2014,2854,141884,678884,33827,663406,577678,33031,1241084,94597,18608,317730,62437,4,12530,5602,10,1920,177,7709,15422,14,"Texas Health Resources"
39,"Texas Health Resources",2015,2853,147808,702598,35163,668617,656211,34114,1324828,91969,17766,335366,66735,4,12538,5838,10,2223,20,8091,16186,14,"Texas Health Resources"
39,"Texas Health Resources",2016,2863,151300,713209,33339,565867,574804,38031,1140671,80367,17647,344590,69554,3,12865,5739,8,2458,164,8369,16741,14,"Texas Health Resources"
41,"SSM Health Care (MO)",2011,3160,155838,750042,35320,525011,1634687,53445,2159698,230670,35644,324504,68046,146,13115,3892,1163,285,164,5504,11154,14,"SSM Health"
41,"SSM Health Care (MO)",2012,3304,158712,766209,35117,608981,1890920,65553,2499901,219188,35501,330647,66840,186,14105,4414,1150,484,338,6386,12958,16,"SSM Health"
41,"SSM Health Care (MO)",2013,3304,156561,776156,35781,626896,1921637,66009,2548533,212434,34567,340725,68444,192,14005,4652,1778,509,320,7259,14710,17,"SSM Health"
41,"SSM Health Care (MO)",2014,3662,173152,870823,38617,708811,2008895,70462,2717706,248367,40039,387661,75401,198,15501,3963,1373,1037,1049,7422,15042,18,"SSM Health"
41,"SSM Health Care (MO)",2015,3677,175623,888471,39885,761631,2122282,73485,2883913,254826,42603,399656,77054,191,15931,3830,1077,1127,418,6452,13095,18,"SSM Health"
41,"SSM Health Care (MO)",2016,4010,187381,948971,42212,831185,3388234,89900,4219419,255516,43361,428064,83478,335,19039,3556,1440,1444,512,6952,14239,22,"SSM Health"
42,"Novant Health (NC)",2011,2262,119195,593060,34091,482383,1525020,72529,2007403,110325,22835,296185,53494,5,10802,4313,1359,1799,392,7863,15731,12,"Novant Health"
42,"Novant Health (NC)",2012,2255,122258,595178,34567,501472,1356180,71501,1857652,109685,22744,300122,55348,66,10327,2166,1718,399,932,5250,10531,12,"Novant Health"
42,"Novant Health (NC)",2013,2342,129976,631368,36872,547842,1405541,75708,1953383,103008,22617,330686,60531,82,11736,3346,2384,785,498,6965,14060,14,"Novant Health"
42,"Novant Health (NC)",2014,1904,128321,615777,35220,543729,1504965,73039,2048694,102290,21883,319798,58021,13,12633,3644,2683,1069,2580,9976,19965,14,"Novant Health"
42,"Novant Health (NC)",2015,2104,129514,667626,33865,566970,1646969,77909,2213939,131689,22105,330410,59065,38,10974,2661,3086,1775,1100,8622,17282,14,"Novant Health"
42,"Novant Health (NC)",2016,2070,129327,631524,27772,572414,1591714,83668,2164128,114290,23478,310929,56153,30,10740,3218,3086,1785,520,8609,17248,14,"Novant Health"
44,"Stanford Health care (CA)",2011,779,37769,218696,15372,51221,994933,19827,1046154,51149,7906,57871,10643,2,8069,1374,0,827,0,2201,4404,2,"Stanford Health Care"
44,"Stanford Health care (CA)",2012,778,37845,220794,13062,297253,1557318,20364,1854571,63363,10087,64094,10632,135,7360,0,0,835,0,835,1805,2,"Stanford Health Care"
44,"Stanford Health care (CA)",2013,779,38439,223827,15936,57606,1306321,20055,1363927,52169,8028,61362,11239,0,9128,1503,0,952,0,2455,4910,2,"Stanford Health Care"
44,"Stanford Health care (CA)",2014,990,45956,270918,18477,118822,1457928,25852,1576750,65712,10009,85173,13547,21,10544,1537,0,1069,0,2606,5233,3,"Stanford Health Care"
44,"Stanford Health care (CA)",2015,698,33090,188558,16056,101303,1377626,23212,1478929,26437,4918,82553,14340,0,9374,2303,0,163,0,2466,4932,2,"Stanford Health Care"
44,"Stanford Health care (CA)",2016,698,33798,191930,15512,108998,1738255,26456,1847253,31336,5225,90538,15008,0,11793,2339,0,153,0,2492,4984,2,"Stanford Health Care"
45,"Michigan Medicine",2011,919,45137,274523,17784,81021,1638628,28270,1719649,54346,8722,96999,15125,0,11273,0,62,1882,0,1944,3888,1,"Michigan Medicine"
45,"Michigan Medicine",2012,899,45412,277380,17800,87057,1882159,30675,1969216,54413,8282,98115,15525,0,12370,0,94,1956,0,2050,4100,1,"Michigan Medicine"
45,"Michigan Medicine",2013,939,46997,284583,18751,97546,1875186,30948,1972732,53219,8342,100006,15696,0,12524,0,128,1998,0,2126,4252,1,"Michigan Medicine"
45,"Michigan Medicine",2014,962,47988,289657,19704,94870,2034095,31879,2128965,50609,8296,101426,15906,0,13266,0,152,2079,0,2231,4462,1,"Michigan Medicine"
45,"Michigan Medicine",2015,993,49557,293569,19898,101171,2165946,32348,2267117,51571,8353,108146,16450,0,13697,0,173,2194,0,2367,4734,1,"Michigan Medicine"
45,"Michigan Medicine",2016,976,50322,300018,16821,104219,2268574,37521,2372793,50417,8133,110589,16732,0,14184,0,162,2289,0,2451,4902,1,"Michigan Medicine"
46,"Beaumont Health System (MI)",2014,3115,174675,833047,50299,492148,2832711,101797,3324859,120965,28483,491303,91127,561,17068,5631,1124,561,0,7316,15193,8,"Beaumont Health"
46,"Beaumont Health System (MI)",2015,3337,177934,851893,49976,530860,3073843,77294,3604703,127520,28593,514476,94654,567,18139,5171,1307,718,0,7196,14959,8,"Beaumont Health"
46,"Beaumont Health System (MI)",2016,3409,178615,854116,49184,553159,3237818,81021,3790977,128440,28625,509887,95105,415,19526,5479,849,690,57,7075,14565,8,"Beaumont Health"
47,"Intermountain Health Care, Inc. (UT)",2011,2612,139900,541039,40725,459852,3139584,101528,3599436,103298,25634,170449,41064,132,14696,419,313,157,10,5780,6811,22,"Intermountain Healthcare"
47,"Intermountain Health Care, Inc. (UT)",2012,2615,141471,540623,41188,473022,3357541,98044,3830563,105393,27027,173722,42954,124,14703,621,378,773,193,5943,8032,22,"Intermountain Healthcare"
47,"Intermountain Health Care, Inc. (UT)",2013,2629,134878,522574,38274,498154,3177018,97281,3675172,108199,27303,167620,41034,104,14436,1234,442,851,198,6684,9513,22,"Intermountain Healthcare"
47,"Intermountain Health Care, Inc. (UT)",2014,2662,134749,526967,38910,605205,3949346,103449,4554551,94878,23151,195242,45662,153,14819,1312,256,447,447,5842,8457,22,"Intermountain Healthcare"
47,"Intermountain Health Care, Inc. (UT)",2015,2652,138030,520627,40455,569333,4302458,103096,4871791,100773,26470,179577,46495,208,15652,690,206,664,281,6685,8734,22,"Intermountain Healthcare"
47,"Intermountain Health Care, Inc. (UT)",2016,2674,139885,531860,41034,507255,4530315,107126,5037570,100933,25469,185473,45283,168,16821,853,216,1004,143,6143,8527,22,"Intermountain Healthcare"
50,"UnityPoint Health a/k/a Iowa Health System and Subsidiaries",2011,2723,118981,601760,26795,443981,2443638,73710,2887619,104067,21259,267268,54080,314,13079,3365,906,857,74,5202,10718,23,"UnityPoint Health"
50,"UnityPoint Health a/k/a Iowa Health System and Subsidiaries",2012,2888,122539,633886,29202,458702,2513960,77460,2972662,117345,22852,285876,55245,334,13845,3134,881,1078,88,5275,10790,26,"UnityPoint Health"
50,"UnityPoint Health a/k/a Iowa Health System and Subsidiaries",2013,2891,117511,614583,28399,451654,2574894,78053,3026548,112126,19943,276787,52580,341,14462,2986,961,1180,72,5282,10822,26,"UnityPoint Health"
50,"UnityPoint Health a/k/a Iowa Health System and Subsidiaries",2014,2936,114650,609142,27184,461502,2531956,77811,2993458,133182,22899,275899,50872,315,14596,3014,803,1492,80,5389,11093,26,"UnityPoint Health"
50,"UnityPoint Health a/k/a Iowa Health System and Subsidiaries",2015,3372,138377,707141,30197,542521,2779170,89970,3321691,154601,28669,324778,60702,395,16873,4115,1141,1750,31,7037,14469,28,"UnityPoint Health"
50,"UnityPoint Health a/k/a Iowa Health System and Subsidiaries",2016,3728,144599,704468,32510,629104,3270821,102975,3899925,175905,31270,325870,64134,375,18907,3831,1022,2278,83,7214,14803,36,"UnityPoint Health"
51,"BayCare Health System (FL)",2011,2499,118981,554394,25681,170541,732445,40721,902986,119776,23300,262634,52180,293,9876,0,0,0,0,0,293,8,"BayCare Health System"
51,"BayCare Health System (FL)",2012,2843,135946,660578,32291,504344,237579,47960,741923,126569,25714,333626,61432,3,10729,3764,296,544,0,4766,9373,8,"BayCare Health System"
51,"BayCare Health System (FL)",2013,2852,128111,640420,29910,467553,218046,53473,685599,127045,25251,329452,50798,3,9590,3773,295,520,0,4792,9383,8,"BayCare Health System"
51,"BayCare Health System (FL)",2014,2905,131937,621102,29559,491062,607159,37812,1098221,123983,26520,323952,63352,4,9094,2447,295,389,0,4616,7751,8,"BayCare Health System"
51,"BayCare Health System (FL)",2015,3213,161907,751947,35748,623768,771840,39285,1395608,144943,30628,404480,80432,169,14220,2284,282,403,86,4200,7424,9,"BayCare Health System"
51,"BayCare Health System (FL)",2016,3274,176408,799375,38124,665767,792955,39587,1458722,149565,31426,417536,85544,0,14635,3234,525,844,87,4900,9590,10,"BayCare Health System"
52,"University of California - San Francisco",2011,660,26935,182382,13158,36051,1035382,13868,1071433,54288,6629,51664,8752,0,5964,0,0,0,0,1864,1864,1,"University of California, San Francisco"
52,"University of California - San Francisco",2012,650,28826,178308,12989,37560,905519,14225,943079,48207,6547,48509,8783,0,5989,0,2015,0,0,2015,4030,1,"University of California, San Francisco"
52,"University of California - San Francisco",2013,650,28440,176916,12856,36465,942832,14298,979297,48644,6378,54067,8761,0,6406,0,2022,0,0,2022,4044,1,"University of California, San Francisco"
52,"University of California - San Francisco",2014,650,29175,178893,13099,42604,916718,15626,959322,53375,6919,55975,9255,0,6972,0,0,0,0,2259,2259,1,"University of California, San Francisco"
52,"University of California - San Francisco",2015,745,30504,188573,13406,48811,984358,16597,1033169,57292,8142,58591,9270,0,7023,0,0,0,0,2217,2217,1,"University of California, San Francisco"
52,"University of California - San Francisco",2016,782,33472,216074,15679,53835,1068205,15099,1122040,57310,8007,58621,9598,819,8711,0,0,0,0,2342,3161,1,"University of California, San Francisco"
54,"Adventist Health West (CA)",2011,2219,126103,577623,25706,467256,2207913,46963,2675169,151484,27532,263037,54297,140,12866,469,129,445,444,2164,3791,18,"Adventist Health (CA)"
54,"Adventist Health West (CA)",2012,2359,127458,572220,26957,484347,2152749,48577,2637096,183538,36662,251272,52651,156,13113,338,138,448,472,2604,4156,18,"Adventist Health (CA)"
54,"Adventist Health West (CA)",2013,2462,123063,549759,29201,553390,2494158,44864,3047548,170460,37577,237518,47877,79,13606,1478,132,684,719,3594,6686,18,"Adventist Health (CA)"
54,"Adventist Health West (CA)",2014,2648,130288,573376,31600,627983,2793964,55336,3421947,181206,40588,253716,50536,113,14677,2529,154,846,282,4320,8244,19,"Adventist Health (CA)"
54,"Adventist Health West (CA)",2015,2653,137677,579314,33471,651464,3094280,65375,3745744,194453,46147,250483,54352,145,16082,1323,133,1096,931,4300,7928,19,"Adventist Health (CA)"
54,"Adventist Health West (CA)",2016,2631,138377,590784,32131,656847,2375017,65732,3031864,188299,40158,261049,58209,230,15449,970,130,579,122,2738,4769,19,"Adventist Health (CA)"
56,"University Hospitals (OH)",2011,1200,60258,310891,15778,185374,864736,30936,1050110,86347,17624,145755,26594,3,8402,590,2040,0,279,3055,5967,7,"University Hospitals"
56,"University Hospitals (OH)",2012,1164,66867,322333,16230,200499,725729,34568,926228,88626,19335,147437,27773,0,8502,394,1962,391,84,2831,5662,6,"University Hospitals"
56,"University Hospitals (OH)",2013,1712,88684,422238,22241,332769,1105796,44962,1438565,96483,22145,231226,42998,1,11008,1002,2100,615,82,3855,7655,8,"University Hospitals"
56,"University Hospitals (OH)",2014,1844,97311,464671,25719,385285,1368647,60281,1753932,108116,23110,244648,46702,23,12473,1005,1675,558,391,3629,7281,9,"University Hospitals"
56,"University Hospitals (OH)",2015,2082,104849,495904,30007,457364,1484081,75104,1941445,115169,28309,266387,52294,14,13911,1741,3112,106,208,5167,10348,11,"University Hospitals"
56,"University Hospitals (OH)",2016,2115,102359,490610,29993,462041,1924998,81135,2387039,127069,28758,258278,51000,1,14063,1721,3724,236,82,5763,11527,11,"University Hospitals"
57,"OhioHealth",2011,1959,97183,387698,28122,410686,1869946,34168,2280632,70907,16073,183041,41721,214,10006,1790,378,831,55,3054,6322,10,"OhioHealth"
57,"OhioHealth",2012,1981,97080,396732,26396,405355,1803552,37319,2208907,73512,17657,180262,39233,30,9651,1307,304,741,42,2394,4818,10,"OhioHealth"
57,"OhioHealth",2013,2153,108795,440524,30898,486017,2162343,40296,2648360,82175,18763,202967,46466,12,11021,1837,479,1252,43,3611,7234,12,"OhioHealth"
57,"OhioHealth",2014,2126,102657,422999,28388,461148,2095345,42787,2556493,84710,19993,202181,45723,32,11301,1346,853,1361,62,3622,7276,11,"OhioHealth"
57,"OhioHealth",2015,2130,106888,441180,29664,462646,1660235,47972,2122881,100215,25923,207205,46396,67,13779,1299,830,1194,44,3367,6801,11,"OhioHealth"
57,"OhioHealth",2016,2240,108680,453433,30621,462448,1760464,48617,2222912,110977,29080,247980,48611,23,12678,949,774,1320,92,3135,6293,11,"OhioHealth"
59,"Sentara Healthcare (VA)",2011,2164,124021,566079,33684,664643,2585757,67551,3250400,83712,21037,301839,58159,105,12393,1884,1144,1260,382,4670,9445,10,"Sentara Healthcare"
59,"Sentara Healthcare (VA)",2012,2599,128542,707556,33497,762800,2959207,75401,3722007,168423,21627,334642,62486,122,12901,3199,810,1270,344,5623,11368,11,"Sentara Healthcare"
59,"Sentara Healthcare (VA)",2013,2699,131215,729198,35245,802888,3697641,78015,4500529,161654,16801,316292,59072,136,14209,3455,874,1771,79,6380,12695,12,"Sentara Healthcare"
59,"Sentara Healthcare (VA)",2014,2694,129039,714988,34771,796329,4264955,83624,5061284,162085,16279,339008,64112,148,13955,3484,1063,1925,112,6584,13316,12,"Sentara Healthcare"
59,"Sentara Healthcare (VA)",2015,2708,132451,720235,35826,786664,4021957,85611,4808621,161410,16360,342620,66317,522,15660,3629,1135,1973,18,6755,14032,12,"Sentara Healthcare"
59,"Sentara Healthcare (VA)",2016,2755,137412,751703,37196,776355,3941580,84973,4717935,163249,15893,344492,66986,555,15646,3796,1194,2028,18,7036,14627,12,"Sentara Healthcare"
62,"Cedars-Sinai Medical Center (CA)",2015,1030,50597,281680,17666,102311,720697,16288,823008,41324,6244,137521,22164,221,11806,1284,363,265,0,1912,4045,2,"Cedars-Sinai"
62,"Cedars-Sinai Medical Center (CA)",2016,1442,80201,409893,23167,192202,1130798,29007,1323000,52724,9131,206238,36179,231,15087,2222,379,437,0,3038,6307,3,"Cedars-Sinai"
63,"Geisinger Health System (PA)",2011,1021,53601,257627,18184,139386,1447547,28417,1586933,46273,10296,125513,24194,327,7286,438,1085,103,100,1726,3779,4,"Geisinger Health System"
63,"Geisinger Health System (PA)",2012,1103,53796,265067,19549,157602,1545421,28975,1703023,46236,9717,132812,25164,359,7673,299,1332,80,114,1825,4009,4,"Geisinger Health System"
63,"Geisinger Health System (PA)",2013,1103,51784,259286,15536,309657,1383947,26311,1693604,58332,10161,118613,22369,251,7459,0,0,0,0,0,251,4,"Geisinger Health System"
63,"Geisinger Health System (PA)",2014,1226,54931,268694,15333,356995,1613566,27496,1970561,62385,11370,123868,23998,265,8084,0,0,0,0,0,265,5,"Geisinger Health System"
63,"Geisinger Health System (PA)",2015,1957,85150,372575,21112,530804,1788453,28926,2319256,94185,18331,175575,34511,292,11799,376,21,317,0,714,1720,6,"Geisinger Health System"
63,"Geisinger Health System (PA)",2016,2317,105407,461009,27724,404033,2537947,40881,2941980,100990,21513,244167,49551,479,14499,825,2595,406,80,4972,9357,8,"Geisinger Health System"
64,"Montefiore Health System (NY)",2013,1863,94440,619746,18433,353978,1686913,22726,2040891,239421,37509,269158,37492,1449,19141,943,2010,24,27,3040,7493,3,"Montefiore Health System"
64,"Montefiore Health System (NY)",2014,1848,95798,598809,19039,377212,1477677,23389,1854889,242719,38305,270572,38169,1409,19239,1452,2126,0,0,3578,8565,3,"Montefiore Health System"
64,"Montefiore Health System (NY)",2015,1818,98519,595219,19112,390730,1393219,18467,1783949,250545,39946,264549,39530,1425,19760,1046,2453,0,0,3499,8423,3,"Montefiore Health System"
64,"Montefiore Health System (NY)",2016,2695,140307,849258,28167,555883,2254307,75623,2810190,286150,47776,390896,59395,1617,24122,1927,2618,180,1,4726,11069,7,"Montefiore Health System"
65,"Vanderbilt University Medical Center (TN)",2011,909,49174,275062,22246,109987,1586395,25650,1696382,79079,12412,73095,13549,1934,11433,0,0,1571,545,2116,6166,1,"Vanderbilt University Medical Center"
65,"Vanderbilt University Medical Center (TN)",2012,966,50240,277227,22183,114051,1825426,28815,1939477,77189,12687,75654,14280,2101,12527,0,0,1620,517,2137,6375,1,"Vanderbilt University Medical Center"
65,"Vanderbilt University Medical Center (TN)",2013,998,57768,307292,22397,119225,1714112,30023,1833337,84431,13229,83814,15828,2100,13472,0,0,1596,504,2100,6300,1,"Vanderbilt University Medical Center"
65,"Vanderbilt University Medical Center (TN)",2014,1004,59112,310119,22601,118590,1869019,30867,1987609,81139,13104,91069,16962,2154,13510,0,0,1722,498,2220,6594,1,"Vanderbilt University Medical Center"
65,"Vanderbilt University Medical Center (TN)",2015,1000,59026,314288,21573,121663,1949867,33575,2071530,89882,14643,90792,16523,247,11377,401,0,0,1829,2230,4707,1,"Vanderbilt University Medical Center"
65,"Vanderbilt University Medical Center (TN)",2016,1004,55778,309173,21699,123632,2002031,35724,2125663,82129,12835,97715,17281,254,14574,286,0,0,1562,1848,3950,1,"Vanderbilt University Medical Center"
66,"Yale New Haven Health System (CT)",2011,1530,81262,418731,21637,257632,1062353,37018,1319985,91868,17109,186874,30025,48,10295,1926,301,1056,0,3283,6614,3,"Yale New Haven Health"
66,"Yale New Haven Health System (CT)",2012,2082,82410,423685,23389,264067,1196368,37021,1460435,123879,23154,187725,30389,49,11820,2064,255,1189,0,3508,7065,3,"Yale New Haven Health"
66,"Yale New Haven Health System (CT)",2013,2116,101838,578252,32784,281223,1397386,47479,1678609,172838,29337,262798,41246,45,11771,2168,549,1250,0,3967,7979,3,"Yale New Haven Health"
66,"Yale New Haven Health System (CT)",2014,2117,100348,577885,34048,287312,1521386,45939,1808698,174205,29402,269337,40155,51,12562,2069,598,1309,0,3976,8003,3,"Yale New Haven Health"
66,"Yale New Haven Health System (CT)",2015,1932,101967,545589,34739,296973,1571930,43356,1868903,176854,29784,273957,41044,51,11825,1861,588,1573,0,4022,8095,3,"Yale New Haven Health"
66,"Yale New Haven Health System (CT)",2016,2216,119509,623776,41110,396725,1995343,57307,2392068,159229,31122,309943,48992,59,14345,1977,776,1681,5,4439,8937,5,"Yale New Haven Health"
67,"Henry Ford Health System (MI)",2011,1941,106259,540828,30004,394894,2778159,51046,3173053,87492,18119,305343,52577,1123,14701,2268,2096,447,127,4938,10999,6,"Henry Ford Health System"
67,"Henry Ford Health System (MI)",2012,1823,103202,514988,28059,392187,2822133,50332,3214320,93433,19286,277629,48722,1065,14190,1598,2068,346,15,4025,9117,5,"Henry Ford Health System"
67,"Henry Ford Health System (MI)",2013,1752,95355,491046,25693,382290,2822276,51053,3204566,94037,18033,253780,44736,1008,12775,1502,1548,982,1,4033,9074,5,"Henry Ford Health System"
67,"Henry Ford Health System (MI)",2014,1717,87338,450272,26337,374321,3627734,50953,4002055,90114,17898,251419,43940,1002,15596,1466,2425,3,0,3894,8790,5,"Henry Ford Health System"
67,"Henry Ford Health System (MI)",2015,2086,110611,552310,28797,485763,4206291,56136,4692054,108627,23376,294440,53717,1092,19319,1551,2603,224,1,4379,9850,6,"Henry Ford Health System"
67,"Henry Ford Health System (MI)",2016,2191,111098,547331,32121,491284,4386802,57240,4878086,114155,24277,292854,53563,1181,20129,1383,2542,475,110,4510,10201,7,"Henry Ford Health System"
68,"Duke University Health System (NC)",2011,1163,60852,353981,24922,169493,1261752,42884,1431245,71236,10443,155613,26413,71,12358,1813,59,103,0,2659,4705,3,"Duke University Health System"
68,"Duke University Health System (NC)",2012,1161,60184,348456,24755,172057,1334103,44932,1506160,69093,9968,156108,27002,78,12751,1748,59,291,0,2785,4961,3,"Duke University Health System"
68,"Duke University Health System (NC)",2013,1172,59893,354631,23672,170696,1083077,41493,1253773,72414,10319,160581,26988,85,13123,1756,80,357,0,2832,5110,3,"Duke University Health System"
68,"Duke University Health System (NC)",2014,1277,62718,371650,23487,170101,1110413,41297,1280514,74006,10411,166917,27693,86,13497,1940,68,276,1,2946,5317,3,"Duke University Health System"
68,"Duke University Health System (NC)",2015,1261,64590,384584,24191,179539,1171245,43728,1350784,74665,10519,172016,28266,93,13437,1733,82,513,1,3008,5430,3,"Duke University Health System"
68,"Duke University Health System (NC)",2016,1286,66779,401066,26217,188058,1211763,43390,1399821,78187,10919,174517,29202,92,13759,2074,100,495,3,3346,6110,3,"Duke University Health System"
69,"Bon Secours Health System, Inc. (MD)",2011,2931,131857,689574,37370,477555,949085,78878,1426640,140526,20383,319450,57597,280,11852,2537,461,509,116,3619,7522,13,"Bon Secours Health System"
69,"Bon Secours Health System, Inc. (MD)",2012,2892,128439,683493,38851,403050,1570094,76208,1973144,126155,19930,331302,57709,460,12678,1411,528,576,247,3342,6564,13,"Bon Secours Health System"
69,"Bon Secours Health System, Inc. (MD)",2013,2899,120348,677583,36899,436020,1538211,81708,1974231,132284,17221,321211,58175,331,12852,1598,256,769,72,2695,5721,13,"Bon Secours Health System"
69,"Bon Secours Health System, Inc. (MD)",2014,2958,124298,677472,37587,472091,1316834,79115,1788925,153059,20305,306974,54855,402,13372,1012,99,222,244,2571,4550,14,"Bon Secours Health System"
69,"Bon Secours Health System, Inc. (MD)",2015,2443,105029,540081,31126,406562,1322345,66428,1728907,124718,16840,249604,48597,358,11823,2046,409,760,11,3226,6810,11,"Bon Secours Health System"
69,"Bon Secours Health System, Inc. (MD)",2016,2394,102282,530375,32294,515564,1709722,75915,2225286,100007,15150,232612,50583,421,12229,2047,474,979,1,3501,7423,11,"Bon Secours Health System"
71,"Inova Health System (VA)",2011,1984,96878,498291,30786,391812,602059,44039,993871,68328,13819,167406,28737,166,8775,4382,236,434,390,5442,11050,5,"Inova Health System"
71,"Inova Health System (VA)",2012,1983,97330,495457,25965,406392,560205,42042,966597,81945,13344,178013,30427,174,8168,4187,356,387,274,5522,10900,5,"Inova Health System"
71,"Inova Health System (VA)",2013,1979,98260,497955,24576,400006,443256,45911,843262,79873,12481,176203,30552,229,7842,4268,734,876,167,6045,12319,5,"Inova Health System"
71,"Inova Health System (VA)",2014,1979,96502,487922,23113,399694,384972,47567,784666,74363,11382,172837,30832,242,7975,1079,659,651,1041,3430,7102,5,"Inova Health System"
71,"Inova Health System (VA)",2015,1988,98154,499450,23745,408978,406293,47676,815271,85939,15695,185965,32710,383,9739,1776,640,638,33,3087,6557,5,"Inova Health System"
71,"Inova Health System (VA)",2016,2060,100638,509866,24388,420518,507208,47665,927726,92926,17168,194678,34024,282,7894,1787,863,733,0,3383,7048,5,"Inova Health System"
78,"McLaren Health Care Corp. (MI)",2011,2007,95064,463438,28783,349065,1608803,50957,1957868,78084,15441,277980,53299,135,8882,970,198,354,699,2221,4577,9,"McLaren Health Care"
78,"McLaren Health Care Corp. (MI)",2012,2081,93626,446956,25867,362972,1606454,55477,1969425,75034,16175,265007,51650,148,9492,1553,204,439,178,2374,4896,9,"McLaren Health Care"
78,"McLaren Health Care Corp. (MI)",2013,2020,91829,445038,26484,356093,1600303,54773,1956396,76123,12814,266525,51738,159,9296,1636,255,499,62,2452,5063,9,"McLaren Health Care"
78,"McLaren Health Care Corp. (MI)",2014,2447,98219,455454,26820,394926,1678992,55488,2073918,80266,15248,273360,52591,167,11173,1423,215,551,110,2299,4765,10,"McLaren Health Care"
78,"McLaren Health Care Corp. (MI)",2015,2195,99900,490462,27187,404000,1819358,59203,2223358,93982,18772,297579,57504,145,10199,1325,192,553,105,2175,4495,10,"McLaren Health Care"
78,"McLaren Health Care Corp. (MI)",2016,2250,102748,500097,28116,497820,1779213,59012,2277033,107817,21001,286306,56858,160,10734,1641,239,668,112,2660,5480,12,"McLaren Health Care"
79,"Ohio State University Medical Center",2011,1185,56869,328760,18079,120625,976367,21419,1096992,88998,16887,111698,18320,2002,10786,151,372,1446,0,1969,5940,2,"Ohio State University Medical Center"
79,"Ohio State University Medical Center",2012,1180,56170,339195,18205,122499,1148227,22604,1270726,88257,14396,123912,19267,1826,11025,101,1792,165,7,2065,5956,2,"Ohio State University Medical Center"
79,"Ohio State University Medical Center",2013,1193,56592,343148,17941,118280,1366867,23881,1485147,87273,14642,130182,19888,1808,11438,145,1808,185,0,2138,6084,2,"Ohio State University Medical Center"
79,"Ohio State University Medical Center",2014,1198,57024,353270,17687,117977,1475542,23819,1593519,97669,16194,133764,19975,1846,11526,233,1846,80,0,2159,6164,2,"Ohio State University Medical Center"
79,"Ohio State University Medical Center",2015,1267,58211,357886,15958,125327,1538825,25000,1664152,101045,17508,136639,20291,2057,12664,50,2188,86,4,2328,6713,2,"Ohio State University Medical Center"
79,"Ohio State University Medical Center",2016,1277,61089,387014,16665,131439,1608216,26563,1739655,112740,19792,142591,20346,1550,12797,55,1843,111,8,2017,5584,2,"Ohio State University Medical Center"
81,"Sisters of Charity of Leavenworth (KS)",2011,1440,62822,285861,18647,207843,1588748,22578,1796591,52450,10964,141149,28981,275,6787,965,269,383,10,1627,3529,8,"SCL Health"
81,"Sisters of Charity of Leavenworth (KS)",2012,2299,100655,495874,31234,320807,1869666,36624,2190473,60844,13149,196885,42682,282,10266,4129,397,949,48,5523,11328,9,"SCL Health"
81,"Sisters of Charity of Leavenworth (KS)",2013,2051,80738,447144,22763,313371,1655402,32366,1968773,63455,11715,183710,36548,425,9217,3060,418,771,112,4693,9479,8,"SCL Health"
81,"Sisters of Charity of Leavenworth (KS)",2014,2041,83290,443013,25627,302158,855395,31973,1157553,69279,12727,166617,35389,249,9353,3396,332,883,150,4761,9771,8,"SCL Health"
81,"Sisters of Charity of Leavenworth (KS)",2015,2118,87409,470477,26958,327054,937415,34043,1264469,118148,16246,176924,37384,262,9579,3224,365,1499,196,5284,10830,9,"SCL Health"
81,"Sisters of Charity of Leavenworth (KS)",2016,1858,81350,418432,23928,299127,738814,28978,1037941,81788,15607,147736,34861,205,8430,2798,286,616,111,4932,8948,8,"SCL Health"
87,"Piedmont Hospital (GA)",2011,1109,58049,296195,17571,217365,558114,32854,775479,47624,7562,129735,24583,80,5479,273,0,112,0,690,1155,5,"Piedmont Healthcare"
87,"Piedmont Hospital (GA)",2012,1112,55975,294890,17140,178036,532510,27878,710546,42814,7307,136775,24692,120,5596,91,0,46,0,489,746,5,"Piedmont Healthcare"
87,"Piedmont Hospital (GA)",2013,1054,59767,287917,22157,230098,467408,28046,697506,28725,4123,140959,25636,88,5744,728,132,61,107,1165,2281,5,"Piedmont Healthcare"
87,"Piedmont Hospital (GA)",2014,1078,62751,300017,22237,263038,480340,24830,743378,30439,5826,151223,24089,129,5819,1695,310,263,3,2284,4684,5,"Piedmont Healthcare"
87,"Piedmont Hospital (GA)",2015,1187,68061,307994,23404,292286,759153,28827,1051439,40325,9453,157660,31961,38,5973,1031,287,219,0,1673,3248,6,"Piedmont Healthcare"
87,"Piedmont Hospital (GA)",2016,2245,114432,589614,35529,529787,1284677,53997,1814464,100088,17038,296288,54789,136,11785,1725,387,405,0,2670,5323,10,"Piedmont Healthcare"
88,"Baptist Health South Florida",2011,1651,77377,355562,16628,282121,517475,18080,799595,70254,14415,150257,28028,115,9428,2039,166,893,135,3233,6581,6,"Baptist Health South Florida"
88,"Baptist Health South Florida",2012,1492,72681,343334,16340,292795,574720,19873,867515,72682,15473,142558,27457,115,8449,1741,326,1039,749,3831,7801,6,"Baptist Health South Florida"
88,"Baptist Health South Florida",2013,1482,71681,342942,16221,313116,590098,21145,903214,77249,13222,147629,28016,96,8443,1845,308,1065,578,3790,7682,6,"Baptist Health South Florida"
88,"Baptist Health South Florida",2014,1453,73791,356366,16322,328974,603476,21450,932450,68915,16222,149761,27801,61,8747,2778,401,988,112,4279,8619,6,"Baptist Health South Florida"
88,"Baptist Health South Florida",2015,1501,75440,364469,15867,366093,588682,20223,954775,68218,17598,163902,29750,96,8662,2430,452,1083,97,4062,8220,6,"Baptist Health South Florida"
88,"Baptist Health South Florida",2016,1963,94575,466084,21876,436217,796338,26226,1232555,97251,20763,222763,40047,127,10517,2649,509,1398,108,4664,9455,7,"Baptist Health South Florida"
89,"University of California - Los Angeles",2011,856,40318,263717,14636,83082,845508,22746,928590,52042,7094,84961,13357,0,7085,0,0,0,0,2642,2642,3,"UCLA Health"
89,"University of California - Los Angeles",2012,806,40030,263261,14543,86100,885107,24301,971207,52025,6996,98774,14690,0,7538,0,0,0,0,2577,2577,3,"UCLA Health"
89,"University of California - Los Angeles",2013,806,41328,267136,13601,87268,845045,25639,932313,54039,7102,99239,15276,0,7706,0,0,0,0,2577,2577,3,"UCLA Health"
89,"University of California - Los Angeles",2014,805,44036,267506,14074,66313,647371,27051,713684,52262,6975,100151,15856,0,7870,0,0,0,0,2491,2491,3,"UCLA Health"
89,"University of California - Los Angeles",2015,805,42247,269250,13252,73285,693355,28816,766640,69586,9789,103583,15815,0,8030,0,0,0,0,2364,2364,3,"UCLA Health"
89,"University of California - Los Angeles",2016,795,40977,270550,12722,80812,695523,31585,776335,54948,7288,97134,15133,0,8096,0,0,0,0,2480,2480,3,"UCLA Health"
91,"Lehigh Valley Hospital & Health Network (PA)",2011,951,54969,291558,14401,162905,329311,15411,492216,38578,7027,164409,27935,403,6073,878,998,294,12,2182,4767,2,"Lehigh Valley Health Network"
91,"Lehigh Valley Hospital & Health Network (PA)",2012,979,55540,291696,13594,173678,348672,15479,522350,39181,7073,162696,27808,444,6504,852,1086,298,10,2246,4936,2,"Lehigh Valley Health Network"
91,"Lehigh Valley Hospital & Health Network (PA)",2013,1114,62286,325367,15609,209285,463215,16837,672500,43396,8449,185011,32225,513,7346,888,1164,322,83,2457,5427,3,"Lehigh Valley Health Network"
91,"Lehigh Valley Hospital & Health Network (PA)",2014,1062,60194,307738,15892,206948,506910,17326,713858,43796,8329,178973,31386,502,7186,816,1256,289,78,2439,5380,3,"Lehigh Valley Health Network"
91,"Lehigh Valley Hospital & Health Network (PA)",2015,1121,59330,315160,16177,208882,591505,24536,800387,45644,8201,182584,31672,578,7582,607,1403,388,16,2414,5406,3,"Lehigh Valley Health Network"
91,"Lehigh Valley Hospital & Health Network (PA)",2016,1682,81676,425976,21379,337836,939116,38098,1276952,75836,13919,235564,42883,625,10127,1037,1594,534,22,3187,6999,6,"Lehigh Valley Health Network"
93,"MultiCare Health System (WA)",2011,748,39566,158073,9118,161451,209195,17074,370646,45650,11208,65290,14502,180,2570,1174,591,417,0,2182,4544,3,"MultiCare Health System"
93,"MultiCare Health System (WA)",2012,859,49224,199101,10055,202607,261600,20010,464207,52154,13016,87910,19205,211,3609,1196,558,462,0,2216,4643,4,"MultiCare Health System"
93,"MultiCare Health System (WA)",2013,917,47138,203551,9616,199482,288712,21682,488194,55035,12066,95381,18661,243,3307,1328,761,582,0,2671,5585,4,"MultiCare Health System"
93,"MultiCare Health System (WA)",2014,911,42426,203028,8678,217688,283619,22804,501307,66111,15013,99766,17651,260,3409,1273,830,620,0,2723,5706,4,"MultiCare Health System"
93,"MultiCare Health System (WA)",2015,860,45195,226636,9285,235580,290491,22741,526071,73965,16164,109445,18532,285,3572,1172,887,718,0,2777,5839,4,"MultiCare Health System"
93,"MultiCare Health System (WA)",2016,1379,64216,322324,16992,338716,382433,43302,721149,94953,19451,139428,25515,230,5193,1056,946,866,0,2868,5966,6,"MultiCare Health System"
95,"Atlantic Health System",2011,1088,68147,353382,20647,210861,697196,28175,908057,21370,4733,179977,29502,167,7074,1919,292,386,257,2854,5875,3,"Atlantic Health System"
95,"Atlantic Health System",2012,1232,63907,329479,19404,205194,423797,28107,628991,21678,4384,165235,27646,192,7595,2059,345,217,259,2871,5943,3,"Atlantic Health System"
95,"Atlantic Health System",2013,1531,75692,384448,22312,253495,629367,30808,882862,25403,5189,201552,34750,251,8484,2711,349,454,253,3767,7785,4,"Atlantic Health System"
95,"Atlantic Health System",2014,1486,76620,396246,22859,257546,694887,31100,952433,38447,7242,215043,37304,367,9580,2898,542,469,273,4182,8731,4,"Atlantic Health System"
95,"Atlantic Health System",2015,1472,80416,409284,23890,286738,758027,35453,1044765,43273,8804,223747,39098,292,10366,3817,619,770,3,5209,10710,5,"Atlantic Health System"
95,"Atlantic Health System",2016,1436,81557,404034,22917,296618,827007,33537,1123625,43660,8730,217068,38701,313,10566,3863,623,881,0,5367,11047,5,"Atlantic Health System"
96,"Ochsner Clinic Foundation (LA)",2011,1203,55970,269402,13520,225881,436001,24063,661882,60857,12004,137532,26365,23,5748,323,1427,10,0,1760,3543,6,"Ochsner Health System"
96,"Ochsner Clinic Foundation (LA)",2012,1279,60535,299237,17074,274086,607458,29821,881544,69830,12959,140603,27063,17,7302,597,1692,57,3,2342,4708,7,"Ochsner Health System"
96,"Ochsner Clinic Foundation (LA)",2013,1460,60607,292817,15398,317987,651849,40350,969836,60699,12050,137906,26515,780,8215,450,1605,437,12,2503,5787,7,"Ochsner Health System"
96,"Ochsner Clinic Foundation (LA)",2014,1432,63689,323222,16253,335418,680700,37075,1016118,59784,10933,146352,28110,697,9108,1159,1314,440,380,3293,7283,8,"Ochsner Health System"
96,"Ochsner Clinic Foundation (LA)",2015,1450,67121,335642,17292,370489,651299,38615,1021788,67942,12330,157810,30489,807,9004,261,1862,953,1142,4218,9243,8,"Ochsner Health System"
96,"Ochsner Clinic Foundation (LA)",2016,1696,76702,389739,19144,427717,659147,47738,1086864,80908,14949,175135,34617,904,11491,380,1983,900,165,3498,7830,9,"Ochsner Health System"
97,"Spectrum Health (MI)",2011,1333,63976,328872,20605,251843,1347536,41713,1599379,72889,11580,155941,26743,66,7350,1122,649,364,1,2136,4338,5,"Spectrum Health"
97,"Spectrum Health (MI)",2012,1372,68536,309744,21501,278982,1738250,48743,2017232,69200,11412,163244,27474,58,7524,801,148,1373,17,2339,4736,6,"Spectrum Health"
97,"Spectrum Health (MI)",2013,1524,70011,355145,20762,344208,1940642,51023,2284850,94447,13529,152782,29556,54,7176,1047,590,1442,8,2679,5820,8,"Spectrum Health"
97,"Spectrum Health (MI)",2014,1582,70226,361962,22023,351594,2338101,52478,2689695,90707,13285,157265,29659,71,7636,1037,881,1339,45,3302,6675,9,"Spectrum Health"
97,"Spectrum Health (MI)",2015,1576,74684,375673,22847,368237,2783565,50913,3151802,104168,17068,164143,32304,59,8187,614,1357,1414,124,3509,7077,9,"Spectrum Health"
97,"Spectrum Health (MI)",2016,1524,76137,379527,29232,382240,2882121,48256,3264361,108812,17674,157583,32016,128,9724,550,1526,1743,79,3898,7924,8,"Spectrum Health"
98,"Hospital Sisters Health System (IL)",2011,1981,82688,379244,21915,313994,1330143,43890,1644137,65375,14459,209243,40643,10,7157,1974,33,675,14,2859,5565,13,"Hospital Sisters Health System"
98,"Hospital Sisters Health System (IL)",2012,1970,83266,371458,21066,300941,1331067,44172,1632008,62503,14647,201238,41029,10,6794,2010,25,808,17,2860,5730,13,"Hospital Sisters Health System"
98,"Hospital Sisters Health System (IL)",2013,1945,82631,364733,19493,296371,1295120,41455,1591491,63079,14624,196821,40268,11,6743,1916,27,831,57,2831,5673,13,"Hospital Sisters Health System"
98,"Hospital Sisters Health System (IL)",2014,1944,77254,351562,19258,297695,1301735,42476,1599430,64616,14859,186177,36967,10,6796,1945,30,1113,95,3183,6376,13,"Hospital Sisters Health System"
98,"Hospital Sisters Health System (IL)",2015,1947,78810,354844,18277,319692,1367495,49127,1687187,73921,16894,180526,36528,23,7009,2061,38,1014,33,3146,6315,14,"Hospital Sisters Health System"
98,"Hospital Sisters Health System (IL)",2016,1931,75409,335134,17327,316136,1461669,49568,1777805,60943,15958,182312,36897,10,7261,2252,50,1099,51,3452,6914,15,"Hospital Sisters Health System"
